File,Zero_Crossing_Rate,RMS_Energy,Spectral_Centroid,Spectral_Bandwidth,Spectral_Rolloff,MFCC_1_mean,MFCC_1_std,MFCC_2_mean,MFCC_2_std,MFCC_3_mean,MFCC_3_std,MFCC_4_mean,MFCC_4_std,MFCC_5_mean,MFCC_5_std,MFCC_6_mean,MFCC_6_std,MFCC_7_mean,MFCC_7_std,MFCC_8_mean,MFCC_8_std,MFCC_9_mean,MFCC_9_std,MFCC_10_mean,MFCC_10_std,MFCC_11_mean,MFCC_11_std,MFCC_12_mean,MFCC_12_std,MFCC_13_mean,MFCC_13_std,Spectral_Contrast_1,Spectral_Contrast_2,Spectral_Contrast_3,Spectral_Contrast_4,Spectral_Contrast_5,Spectral_Contrast_6,Spectral_Contrast_7,Species
Greater_Prairie_Chicken_10_segment.wav,0.2560429053074246,0.004601399,3186.5449416985944,1900.2298122865159,5041.817153966067,-657.88055,143.05115,-3.4214315,25.956001,-102.45327,73.86691,-13.100886,20.933695,0.9214473,12.413602,11.260061,11.957308,-6.224598,13.252163,2.5482047,9.522906,-10.719453,11.00359,-3.3934677,8.990069,-7.039584,12.524868,5.7604175,13.928011,9.5205965,13.641894,26.854666855074225,17.638621460371475,17.11525779309577,18.455050086319208,16.79486358601919,17.560830830462315,53.35417680344926,Greater Prairie Chicken_filtered
Greater_Prairie_Chicken_11_segment.wav,0.21241027407192575,0.0015615947,2863.890518623334,1814.9292187639885,4593.816614704177,-673.65686,123.25917,-6.1282573,27.704527,-126.537025,41.340305,-14.831664,23.631327,-19.018854,16.24525,16.507074,11.9994955,-14.972389,17.297092,-1.1564584,11.229511,-13.150955,15.093651,-9.097123,9.20545,-11.171091,13.551024,3.261764,12.583682,8.542443,13.187271,26.774133480225235,18.665709377917086,16.21473174996636,19.236077247659956,18.974518441517915,16.752514592590057,53.359756924169844,Greater Prairie Chicken_filtered
Greater_Prairie_Chicken_12_segment.wav,0.19964358867459397,0.0013068081,2612.5048324384315,1639.249185069099,4093.107190762761,-697.91254,100.045425,16.030138,32.122784,-121.20854,49.71831,-10.9795885,26.731646,-22.87522,23.556257,12.607839,15.235909,-3.926646,17.532196,-3.9133165,14.312228,-9.026614,10.940163,-17.238514,14.465552,-10.440472,11.4023,3.319228,15.3333435,6.4474425,13.227114,26.987707452017567,18.942718014298777,17.178623622398213,19.498140656064724,20.226811696757547,18.506582525216757,50.93259698406921,Greater Prairie Chicken_filtered
Greater_Prairie_Chicken_13_segment.wav,0.18147408823955916,0.029979015,2415.713928113929,1382.148857302994,3301.574622063515,-409.43497,45.19594,0.0822802,20.38675,-148.27382,28.566402,-28.574205,23.247467,2.2424154,17.929113,14.567968,15.090766,-7.9305425,17.790615,16.46663,12.804914,2.218818,12.446921,-1.7495341,11.621449,-0.5533799,9.21949,10.159708,12.182559,3.5577333,9.065399,26.833970104106157,21.401192294650738,26.338927168779108,21.223912596610525,22.272694657359594,18.567118087580596,55.49953179584879,Greater Prairie Chicken_filtered
Greater_Prairie_Chicken_14_segment.wav,0.10082271425464037,0.0014875864,1429.8328808419974,1125.7256550862808,2042.5067521026683,-627.24536,34.706688,101.61902,19.646006,-67.5559,20.178864,-78.448555,14.05572,-38.074345,15.789361,-13.346333,13.358061,-7.9783187,11.124956,-2.363045,8.708025,2.629788,9.339033,-5.8727703,10.765539,-6.630934,9.076206,-1.6708932,8.331434,-1.5592471,9.35552,26.61410333919176,27.298488023991187,18.991203309602884,17.03005535908191,20.663749725216498,20.685396360038254,45.0163354681314,Greater Prairie Chicken_filtered
Greater_Prairie_Chicken_15_segment.wav,0.2857159041473318,0.009007616,3458.043276385471,1746.6498166875278,5165.370776537123,-430.03418,25.743244,-9.340838,17.47168,-114.83016,20.153893,-9.557142,18.942698,-51.41766,18.135237,20.36089,15.272425,-10.223205,15.750264,5.990398,13.004526,5.5151486,12.468148,-5.347304,13.736989,-1.0385563,12.2506275,0.09261752,11.528752,-1.8908206,10.57878,26.48014472054361,27.00353906361877,18.82295555798207,15.356008472578829,18.22900731047837,21.018508295566697,58.224294615717604,Greater Prairie Chicken_filtered
Greater_Prairie_Chicken_16_segment.wav,0.25922183149651973,0.008619024,3202.1291433218526,1641.2332367335248,4889.91064792996,-441.67465,35.906036,-28.30154,16.563793,-159.53836,23.389706,-14.902831,18.842022,-51.629887,15.397454,21.534883,14.3946495,-24.112494,13.499536,7.081654,12.026267,-4.2791758,11.631175,-1.9384019,9.919465,-12.685916,11.97908,-0.31203374,10.0460005,-5.614551,9.903822,26.882741955079414,26.91553498996331,18.398566359939597,15.989170153925823,18.918485368620917,20.01870805726034,59.030167492290445,Greater Prairie Chicken_filtered
Greater_Prairie_Chicken_17_segment.wav,0.2590349024796984,0.011474839,3204.0661885888776,1560.9809622577375,4680.9486477668215,-425.22958,37.934006,-25.204237,16.563404,-152.64403,23.197927,-2.1450782,15.289728,-42.090595,16.442179,13.836703,15.020439,-18.294842,15.540604,10.4473,11.842525,-3.1316476,12.290886,-0.80296016,11.068384,-12.680038,11.035604,2.4225593,12.271652,-1.4125419,11.197494,26.849957871935295,27.427249458605235,18.132927849836268,15.767826799597415,19.084247411793072,20.58826974197196,58.71600325403594,Greater Prairie Chicken_filtered
Greater_Prairie_Chicken_18_segment.wav,0.21327241335556846,0.012991487,2842.6789396401473,1582.423545659363,4487.949196091938,-424.2571,45.376728,-18.480387,16.893393,-159.98874,21.872204,-15.832903,16.922615,-32.412785,15.879649,20.913315,14.709942,-18.143131,12.275123,10.234236,13.111392,0.57646286,12.156507,-0.5094351,10.023307,-7.463518,10.052977,4.527685,9.550908,-1.8701841,9.6315155,26.860149544899638,25.82002969931163,18.770443968405793,17.95730978706515,19.329519537297706,19.085289920129817,58.372178284852694,Greater Prairie Chicken_filtered
Greater_Prairie_Chicken_19_segment.wav,0.39223485535092806,0.0008625301,4508.257941909481,2188.0902662975877,6807.864556898927,-602.48834,10.373397,-58.668243,12.491263,-88.32818,6.8939705,-23.169165,8.2563,-51.927067,9.924104,14.781579,11.3386755,-12.470904,9.965537,6.9351754,8.202968,-10.153351,8.019788,-0.76081717,8.477865,-14.160036,8.198291,2.773281,8.474025,-11.282886,8.137574,26.577673548472962,23.801592987835555,17.291971424951495,13.394460458102765,13.535628257642816,17.700771471131908,54.370783131992575,Greater Prairie Chicken_filtered
Greater_Prairie_Chicken_1_segment.wav,0.22913079140081208,0.019718997,3050.9911965694378,1830.987507725878,4894.906750743185,-371.24564,46.013123,-15.372066,19.293522,-131.8201,28.575253,-25.394096,17.605469,-44.17498,18.96554,11.220868,15.517257,-15.686209,16.536795,11.939455,9.843154,-5.5788207,9.31797,3.180872,11.864015,-18.31274,10.439676,2.3043456,12.457196,-6.0747128,13.274072,26.65003790601304,28.36087555067485,19.811753535867922,16.940978562325586,17.54694247197481,18.031722744489944,57.77016698815212,Greater Prairie Chicken_filtered
Greater_Prairie_Chicken_20_segment.wav,0.373087659512761,0.0007590346,4372.2079602740805,2218.0667443697575,6695.3023605169665,-600.9727,16.90381,-41.576584,11.015481,-78.87005,8.152491,-16.029842,7.612323,-49.251488,9.228648,10.597819,9.968406,-22.447468,12.144794,0.21847339,9.27568,-14.804314,7.3256216,-8.890993,8.7043295,-20.812199,7.821402,-0.20822144,7.770394,-12.331621,7.431558,26.559562180518938,25.17568697576443,15.693587989972013,14.19786776748306,15.125249280858567,17.673760158291763,54.67556299770576,Greater Prairie Chicken_filtered
Greater_Prairie_Chicken_21_segment.wav,0.2658141948230858,0.0007866053,3537.0947425614513,2136.9136591033725,5791.7821472592805,-626.3454,29.20972,-7.3517365,21.168633,-82.1409,11.977563,-10.417286,20.405466,-47.161488,19.490595,0.9936421,14.514955,-17.885836,11.827989,3.7969356,9.948477,-10.393571,9.549776,-3.7862613,10.273498,-18.67331,9.952432,0.97237146,9.777563,-7.760682,9.100661,26.83590789219172,24.859399417524372,18.96502404114688,15.640798135651886,17.564103865134975,18.373805040513602,54.6781046492837,Greater Prairie Chicken_filtered
Greater_Prairie_Chicken_22_segment.wav,0.40975406938805103,0.0007100097,4528.187398698834,2228.1243760181,7120.795456605279,-603.25684,20.767809,-52.57548,16.987423,-99.97368,8.820549,-12.817485,9.267025,-60.086525,11.923974,20.515612,10.164179,-28.444035,11.322525,24.752434,8.053016,-20.87558,7.6603928,19.465149,7.793937,-13.818727,8.740832,14.108013,8.47151,-6.05711,8.754456,25.248983432698427,19.62820594477209,19.667089549737714,14.019175039558236,14.391086060672205,16.43731035991915,29.580402463532444,Greater Prairie Chicken_filtered
Greater_Prairie_Chicken_23_segment.wav,0.2367869507685615,0.03194699,3335.1699288741374,1965.2839128065132,5467.260289026247,-455.86285,106.77165,-31.058952,53.37796,-88.0879,42.523167,-2.6968915,18.719261,2.8721225,13.932436,8.217637,9.873447,-5.680109,12.076296,4.8767333,8.628993,-2.106451,8.534129,-0.885517,10.048387,1.4581494,9.060779,4.73309,13.120129,2.1557004,10.5529785,26.77620261241965,20.124772317909866,19.78415289262159,18.845256040707532,19.344153923421054,18.10652118726456,55.920080713930005,Greater Prairie Chicken_filtered
Greater_Prairie_Chicken_24_segment.wav,0.25638730785962877,0.0066534085,3433.2971866032954,1951.3127272428299,5464.912120704032,-573.4247,94.17001,-11.364208,31.461384,-77.182724,55.450764,2.3759794,22.595758,-20.854,23.52383,13.478727,13.67812,-2.791516,14.462259,4.443609,12.966762,-8.986495,14.484469,-6.3519473,12.385346,-11.68308,12.4733,-7.608251,13.843454,2.1273792,14.550057,27.046335523543434,26.854320933218055,18.097457286165707,19.695620068301388,18.59275010449711,18.38428700085498,56.99284942378074,Greater Prairie Chicken_filtered
Greater_Prairie_Chicken_25_segment.wav,0.25419627320185617,0.0014109494,3300.424862220502,1925.6973511143585,5278.182778059745,-611.9957,64.27109,-1.0580816,26.120554,-99.855934,34.647617,-8.735347,24.931753,-46.19536,18.095129,7.2266207,12.772684,-18.335915,18.062675,-1.7032691,10.092202,-13.925825,13.694454,-5.8930306,9.330316,-15.034599,9.134619,-1.878953,11.241269,-1.4011015,11.363876,26.840508961669638,25.355579433123964,16.2862303255689,15.852843121027394,18.265952826835516,18.516702038395824,55.6688265866693,Greater Prairie Chicken_filtered
Greater_Prairie_Chicken_26_segment.wav,0.24375883664443154,0.006064073,3411.7395244205727,2040.6118788539611,5481.399259987674,-565.80975,117.95656,-5.3279634,26.993528,-79.52831,63.25575,-1.7093182,20.964298,-23.039524,13.925937,8.425502,12.410814,-13.260038,16.564123,3.300415,12.895496,-15.361344,8.37509,-6.9170523,11.570908,-14.618105,11.946238,-6.2549925,12.933152,-0.59040666,12.397788,26.98643136905072,27.989202182129556,19.46568994621984,19.26818806995188,18.609500937021703,17.997986097582015,56.014111430532964,Greater Prairie Chicken_filtered
Greater_Prairie_Chicken_27_segment.wav,0.16985729952146172,0.0064571328,2721.043992189771,1972.3625317601468,4925.0332507069315,-479.05096,49.10177,15.503134,22.248352,-108.862854,22.756624,-35.825024,18.848093,-38.277435,22.653734,6.578574,17.958277,-26.907242,17.296925,3.0380507,11.2122555,-19.34594,11.065259,3.5901752,13.970168,-6.345662,16.380648,-1.3075389,12.670426,0.032685954,11.70703,26.477543450789966,28.08863666929956,19.84591875526194,20.188429974764837,19.865870136340522,19.362850687829365,58.84733617044438,Greater Prairie Chicken_filtered
Greater_Prairie_Chicken_28_segment.wav,0.30333594656322505,0.0056958017,3960.644763911744,2341.9860955275585,6636.448269377175,-399.14218,10.161564,-54.39378,9.014198,-122.82064,6.8174686,-55.71761,5.415867,-59.46132,8.267768,1.07469,7.4466276,-26.299559,7.2851806,3.68912,5.1739893,-16.089607,5.986862,-1.7639809,6.6434073,-12.349181,7.2528963,0.8450835,6.669798,-8.982474,5.9552484,26.658886484288868,24.99657908506879,17.691473854427876,13.522275120988192,14.778230379020199,16.115298196367643,54.24450493985945,Greater Prairie Chicken_filtered
Greater_Prairie_Chicken_2_segment.wav,0.21721038464327147,0.0028215032,2723.0102784708047,1575.7768516164897,4086.462374021172,-577.9596,59.682003,8.2449255,23.1815,-141.59589,26.638094,-21.75524,17.679842,-33.39314,11.652708,3.9964263,10.961248,-9.400452,17.315817,7.3666778,13.081786,-10.16244,11.035833,-4.3677516,10.331268,-9.349403,10.588329,5.1902075,11.751606,3.597723,11.322304,26.861876142642632,19.98246204989669,16.337019259128798,17.702007449785892,19.661140328166685,22.316084561043994,54.450826612628056,Greater Prairie Chicken_filtered
Greater_Prairie_Chicken_30_segment.wav,0.22999162946428572,0.03878805,3028.816316293167,1893.5014313392596,5017.2978515625,-356.97528,96.84923,-9.7892885,16.405897,-110.17462,45.773834,-31.991339,21.235807,-33.476444,23.54251,14.184748,12.517011,0.30459717,12.276506,20.832754,11.607765,-0.6365059,9.99232,7.2369657,10.627457,-3.7509074,9.192083,3.880628,7.7699375,-1.0249342,7.9450207,26.063761356440693,15.204876223159014,21.334314366523177,15.565039859013899,19.569451074520824,16.54710869991768,58.16250788877151,Greater Prairie Chicken_filtered
Greater_Prairie_Chicken_3_segment.wav,0.21009235426334108,0.011958252,3129.77958920384,2096.85717398146,5350.451405253045,-437.03793,68.680244,11.414847,20.362036,-65.6626,32.09834,-27.243452,23.773628,-20.89552,19.251112,8.849867,11.777376,4.696709,10.673619,7.7863297,9.072072,4.102614,8.835297,-3.3355167,11.720844,-6.326791,10.696246,1.3769556,9.266449,0.84127045,9.358812,26.79033702407123,26.59273471261436,22.5280034045013,17.62430661447719,17.815154858532633,16.474104615216824,56.05497089637244,Greater Prairie Chicken_filtered
Greater_Prairie_Chicken_4_segment.wav,0.20699613000290024,0.0038331659,2988.8914371163064,1955.2347470746547,5047.6376137434745,-536.9991,60.592106,-1.0785213,23.672752,-107.83435,25.053259,-35.41006,22.474304,-38.100174,14.217667,22.774168,12.811154,-3.6123118,13.48803,10.126337,10.553509,1.0397302,10.879078,1.1565369,9.447522,-3.030372,8.832281,6.387878,10.679023,-3.1719363,9.164144,26.86658843519331,21.06391897253232,23.266725387539786,18.893956300842103,19.98288137419791,17.52259107194625,56.70907453086574,Greater Prairie Chicken_filtered
Greater_Prairie_Chicken_5_segment.wav,0.3052720780162413,0.0035833234,3783.727690687233,1933.7921635453235,5751.813324753481,-511.43744,38.848545,-34.421436,20.524433,-101.56061,22.683554,-11.657099,22.24895,-55.271816,15.048182,2.675926,13.269787,-10.314893,12.505654,8.744755,9.976385,-5.033457,9.731773,8.054833,9.619626,-5.4519286,11.148857,10.70373,8.756326,-7.8153315,10.041121,26.52646346637325,20.206770160364236,18.302848767460823,15.382772709194526,18.414323197949475,19.301225607176875,57.21261991137228,Greater Prairie Chicken_filtered
Greater_Prairie_Chicken_6_segment.wav,0.21829004132830626,0.0053409333,2852.7549989075164,1504.0702064394034,4137.422622716067,-553.0225,66.062515,-6.797821,31.720295,-130.53638,34.385277,-8.469785,32.223907,-19.892988,25.79954,29.995186,19.339375,2.091494,17.185532,0.37285385,17.648348,-4.7701635,16.06034,-16.808918,12.734759,-22.267859,12.289329,1.4620347,16.133898,5.6310167,12.869412,26.846094587307732,24.316925116371,18.032284809243855,21.206820876019243,21.35021431729553,20.687953845072272,56.824104747911434,Greater Prairie Chicken_filtered
Greater_Prairie_Chicken_7_segment.wav,0.25425405126160094,0.0012124762,3313.6393640688466,1810.4566957466147,5167.868827943736,-621.9997,53.178596,-34.835083,25.87026,-132.31793,28.359133,-9.003434,26.11285,-37.986332,22.734352,26.973448,13.633939,-11.404698,15.32072,3.0158267,13.181724,-13.924436,11.9138155,-7.831611,13.563986,-17.527184,12.528527,2.7201152,11.837052,-3.3927743,10.6278105,27.00719279326662,22.36350899122404,17.943179233142107,19.101885985719274,17.888442788606856,18.256237016121606,56.94430347638902,Greater Prairie Chicken_filtered
Greater_Prairie_Chicken_9_segment.wav,0.21801587877030162,0.0010288183,3138.563771518793,2105.0142383664106,5334.1641100819315,-652.59875,50.650887,-6.783044,23.760138,-104.54589,30.748074,-30.712107,23.500668,-23.91421,16.319912,4.7805023,14.450063,-15.579652,12.904972,10.0599575,12.552116,-12.677941,10.233383,-10.620557,12.043633,-25.836218,12.814144,0.39570934,13.833553,2.438841,14.519709,26.684125865971108,22.636763385848685,16.72273695696881,17.47759577609156,18.722109068418547,15.59043920599022,52.992282037471504,Greater Prairie Chicken_filtered
Magpie_Goose_10_segment.wav,0.25658896461716935,0.01954157,3092.530769366515,1657.0091304122295,4641.479435542344,-382.90945,29.018587,-15.965294,17.666225,-149.98985,16.281143,-21.109764,20.369402,-63.72263,12.13582,35.43373,12.17094,5.612633,8.578708,0.48720688,13.162498,-2.416786,8.879916,5.2913613,12.354161,-4.767024,11.520184,9.136769,8.797961,-3.3847651,11.109589,26.962277184213395,20.267302924994226,19.88156728209848,19.748674683338617,19.67211176892323,25.39753991548841,63.674904384217456,Magpie Goose_filtered
Magpie_Goose_11_segment.wav,0.22753113217807425,0.018529395,2822.8230447566316,1459.9791687458344,3989.213232761746,-472.4749,50.290092,3.8836064,22.210516,-128.90434,38.705822,-24.659275,27.835558,-32.133076,9.545876,26.317383,7.307618,32.881554,6.913343,-7.8298388,5.2402835,5.8512735,7.037992,-10.719703,7.421581,-21.209732,5.279233,31.235018,7.8812966,-11.393616,7.389918,26.810519294780644,14.928845187513955,26.22541443922348,24.2813476843614,22.200117735671583,31.102044820596344,56.8951244878764,Magpie Goose_filtered
Magpie_Goose_12_segment.wav,0.21210325732308585,0.0049334555,2965.142627081904,1855.944352551014,4958.257334414879,-471.8147,33.289585,-19.820139,21.243336,-152.27702,15.141808,-40.775486,11.939955,-54.278286,8.979648,16.472876,7.0010386,-5.980462,7.166784,18.016634,7.007564,-5.6829967,7.5602307,19.895206,7.3671675,-0.18018842,6.9533625,13.185985,7.53252,2.5527647,7.1297455,26.652611129904983,14.573507296964861,22.455545046992857,15.750475632835196,16.776041174587498,17.8644964169028,59.542232465460884,Magpie Goose_filtered
Magpie_Goose_13_segment.wav,0.18249936557424595,0.0045244917,2643.271767306729,1766.0759614287795,4568.086685216067,-496.14957,29.057068,11.855727,13.021315,-136.6868,12.710712,-41.971794,12.22057,-46.029366,8.191872,12.108111,7.29018,-6.785553,9.229749,17.070486,7.663532,2.6726844,7.212176,14.908058,7.574261,4.907863,5.810062,-0.64107007,5.4735975,8.056896,6.9835367,26.670182899041322,15.620009542560801,21.542856332705693,13.368669541628794,18.474648055807258,18.48016433381582,59.96236224772659,Magpie Goose_filtered
Magpie_Goose_14_segment.wav,0.3244736532047564,0.025877869,3997.868244019078,2001.362310669735,6671.645813696346,-328.7062,21.313906,-79.51939,13.102076,-165.73976,15.906114,-18.401567,11.927578,-69.86994,9.334023,26.307272,7.6816697,-22.738367,8.735562,16.681053,7.9807076,-23.987398,7.4853473,42.62517,7.4417753,-17.359823,8.589538,28.959185,7.654056,2.7083437,7.8351045,26.850092085786812,18.115768791325294,24.831075615980144,20.720861510339443,18.8489438867179,23.1720574010183,67.57785213501833,Magpie Goose_filtered
Magpie_Goose_15_segment.wav,0.3054771334831787,0.011924107,3696.141524206422,1828.7720183900883,5870.370844511311,-381.32922,20.689331,-74.65358,11.691529,-163.35243,13.293079,-20.129608,13.711543,-69.44206,8.889641,14.288702,7.7398224,-21.001722,7.7752976,21.144762,6.6174307,-7.3371134,7.122943,13.700887,7.454667,3.0082152,6.6051574,13.579228,7.7224245,7.753422,6.9666862,26.761113951096014,15.65221609484457,21.955356978025282,17.5945721496986,16.25038658591685,17.587539874396192,63.33148498957688,Magpie Goose_filtered
Magpie_Goose_16_segment.wav,0.3462720258956386,0.0016973652,4264.049315063777,2211.001290352636,6750.457934798481,-598.43866,65.56441,-53.55535,23.770027,-93.187164,25.769707,-19.38727,14.717474,-45.846485,15.498256,26.458176,10.309801,-3.3932493,11.992611,22.221676,9.608476,-6.2475386,9.200837,5.574536,9.193521,-1.9073845,9.9889145,10.978363,5.9004164,-8.110692,7.334726,26.40406287569349,10.77289060728022,18.4404599159686,15.505630046040974,16.958648836142135,15.45538066119717,56.78030693868416,Magpie Goose_filtered
Magpie_Goose_17_segment.wav,0.1923449093892694,0.0015176056,2955.135472203387,1993.983860313704,5051.305985124144,-571.07336,22.534775,-35.408386,10.73858,-154.7688,10.944478,-55.32405,8.005037,-40.6804,10.472228,13.101039,9.43764,-8.984275,7.1855793,14.9737625,6.3695273,-1.6989406,7.3581033,15.476696,7.2569065,5.740628,5.2241817,16.97931,5.847582,3.6254385,4.8644543,26.552326692553287,10.658802882308615,22.24521890476169,17.71347890378327,18.32468003086402,17.18084111154776,54.37404300659562,Magpie Goose_filtered
Magpie_Goose_18_segment.wav,0.3128987819025522,0.0067433957,3748.826955004324,1760.1609656710068,5550.170615211717,-517.1263,61.979298,-43.748837,22.43373,-117.32644,24.487642,2.2279124,17.681366,-43.284416,21.977764,25.157732,14.924144,-0.72677344,14.551621,24.031761,13.8115835,-4.141912,8.765746,0.7743993,9.350584,7.3793755,11.479527,1.2252549,11.047431,0.4970225,6.015381,26.870324517237275,11.916074207774605,20.518361810686674,16.043097282549457,17.8114140198827,18.703357549357257,58.08506155581897,Magpie Goose_filtered
Magpie_Goose_19_segment.wav,0.47633252066415316,0.01148569,5212.860300757404,2683.6937311062266,8128.909082257831,-341.0327,17.466837,-106.89742,6.3123584,-114.35753,13.185091,-79.29464,6.959607,-56.244244,5.7124276,-3.8751872,4.741913,-8.781253,5.5835915,20.446255,5.428096,-5.159037,5.8896747,18.238325,5.010329,-3.5244582,4.8522625,16.090868,4.159869,-2.8450625,3.759085,26.44851453173433,16.826916855063878,21.615874071415316,13.874087320311807,14.235129570909312,14.667748747813498,55.340083112343834,Magpie Goose_filtered
Magpie_Goose_1_segment.wav,0.39599837543808414,0.0027631773,4125.216701120139,2261.3532120516156,6704.121299101927,-566.0853,57.574696,-39.53515,17.496971,-107.91828,27.103632,-24.649132,7.979083,-52.52967,11.560275,2.8686762,8.431074,-9.586234,9.629117,28.400053,8.173501,-7.890308,8.669804,23.035147,6.843376,-6.7490964,6.815167,21.984127,8.04377,-7.649089,8.849902,26.78201552032973,13.515089863915927,20.37255815283835,16.792852634245627,17.06953232713226,18.872717684061218,65.1292712274469,Magpie Goose_filtered
Magpie_Goose_20_segment.wav,0.2643504839762181,0.021687115,3435.1655194591426,1776.3811098828673,5410.654444152407,-333.05484,26.297668,-65.98912,15.983088,-174.60718,14.607674,-16.936682,11.241715,-68.285675,11.018758,11.482227,8.719405,-22.524017,8.189741,25.582502,8.233781,-14.264776,6.4181433,18.701982,7.2843475,-0.64344406,7.905568,15.124594,6.771529,-5.4565167,6.42076,26.354138579002363,17.0833919459857,21.61759112995816,16.514735754851465,18.19492886080268,17.701710330370478,61.753636206068805,Magpie Goose_filtered
Magpie_Goose_21_segment.wav,0.3218686769334532,0.00895834,4204.971077860546,2817.792292713377,7911.748082003148,-382.11536,29.633936,-50.91697,18.836899,-108.00413,24.142012,-63.288162,13.521011,-33.328842,12.666637,-11.19711,13.724401,-0.31075007,12.212904,-1.4030138,11.979059,-5.5311084,8.523312,2.683772,8.495826,-3.4378798,7.613972,7.526657,5.9557548,-3.7625833,5.8838086,26.18410549212161,15.726282856145,18.25766061620111,16.127904137276612,17.07137949018094,16.367982599099825,53.87805981688004,Magpie Goose_filtered
Magpie_Goose_22_segment.wav,0.30711644431554525,0.0060066083,3993.8741908222382,2359.4310734254454,6850.656177494199,-426.28726,33.728836,-55.901276,10.332013,-112.0927,18.83662,-31.397608,8.434552,-25.07376,7.910401,24.401052,6.5432773,3.843963,4.647312,26.564829,5.2370806,-6.3440676,5.6074514,9.280906,4.602352,-6.546534,5.5366883,3.133792,4.8792186,-6.9206877,3.9049025,26.710591576887982,13.91395063442743,22.593181314645335,15.350570423678723,14.219412452163304,14.200139808412837,56.21360017037133,Magpie Goose_filtered
Magpie_Goose_23_segment.wav,0.19712649828767123,0.0018996081,2851.800614399743,1830.23022202186,4577.958984375,-561.7422,24.010857,-15.920612,11.510307,-147.08467,13.1792145,-37.82638,10.937239,-43.97355,8.273327,3.4664445,7.8722177,0.3424222,8.479542,24.621073,6.959779,0.7987964,7.440075,16.55736,8.522716,1.7471777,6.121864,12.093292,6.596643,-3.1393733,5.3429246,26.78036657403546,12.45452996140667,22.02908022160975,15.531656844984044,17.718339391354345,19.022665723488565,55.46113609060659,Magpie Goose_filtered
Magpie_Goose_24_segment.wav,0.1738162570529514,0.0012560169,2615.3563340229407,1801.1969299135042,4392.362213134766,-564.5349,18.064156,1.1115518,10.174974,-158.54279,9.422606,-51.65829,7.988568,-66.85302,8.281778,-4.5782156,5.5424848,-16.36437,6.0891223,15.8273115,5.342075,-7.7335443,4.64185,13.169512,4.675187,-4.6066794,5.7744884,16.607897,5.2289963,-1.4615018,4.7361345,26.560789272040672,13.250003243547138,19.577670568662857,13.889243858293526,15.364826431807892,18.046334273448753,55.96029142102129,Magpie Goose_filtered
Magpie_Goose_25_segment.wav,0.22863797853828308,0.021356924,3224.728103656291,2200.6106894483614,5660.509545841793,-310.3626,30.210087,-30.482962,12.023946,-134.5983,15.744911,-55.332157,9.723021,-52.470108,8.927098,-13.758722,9.492715,-14.91783,9.957156,18.146238,7.4113984,3.0571475,7.2369046,14.652509,9.257709,-3.3394477,6.8055387,12.6058655,7.9618015,0.5590973,6.756649,26.362950368563297,18.19279250275202,23.626208700371713,15.974005458273497,18.01104745071625,19.090584008920676,55.08780019691259,Magpie Goose_filtered
Magpie_Goose_26_segment.wav,0.38920659221902015,0.049349662,4468.346258267675,1728.0763903301229,6128.647475009006,-295.646,24.707676,-121.79529,20.869926,-127.81833,15.4895935,-3.0658078,11.422556,-69.911156,11.576277,14.295709,10.943069,1.3820715,11.158724,14.071011,11.416054,0.82481027,11.643334,21.419775,12.035284,-16.887413,10.658281,11.639487,10.889019,-6.0408983,8.634583,26.51462708715294,16.0883463502252,20.703861646997712,15.477320670110716,18.175303326595234,21.447569081513496,61.31584219593089,Magpie Goose_filtered
Magpie_Goose_27_segment.wav,0.28495008680555556,0.0051390487,3738.6699623011614,1585.1404206846898,5217.734375,-504.25546,24.326761,-93.203476,19.314762,-168.96077,19.308186,-3.587717,19.569967,-65.86706,12.893611,10.909418,10.799151,-4.4702554,15.312712,27.581446,11.325064,-0.63082933,8.518299,20.759142,7.3412585,-6.729916,8.503396,11.289082,10.040059,8.559346,5.627893,26.20208798358931,11.414668019336101,22.499147330906325,15.81087717050086,17.973265408733567,20.379861537183988,58.4966438924513,Magpie Goose_filtered
Magpie_Goose_2_segment.wav,0.43013046512471,0.018188158,4893.752782256446,2160.123255237,7204.904847465922,-356.5619,35.79104,-92.123314,16.123106,-119.68606,14.266871,-41.605526,8.624033,-73.18436,7.6051755,36.704243,9.843328,-25.996881,11.335273,35.3681,10.66056,-22.558159,5.727231,24.547152,6.3206573,5.5565376,6.776571,17.956335,6.6356044,-5.604447,5.9602933,26.88174152579264,14.684392416805295,23.82348274298515,19.000527348747063,17.584893105767165,18.96758947722172,65.01139447646736,Magpie Goose_filtered
Magpie_Goose_3_segment.wav,0.3550461771316705,0.0019631868,4360.509881115864,2186.724762607228,6655.383499039298,-533.45233,25.137922,-83.09361,16.155764,-105.31911,13.175865,-20.913668,13.911353,-49.846767,9.914269,1.6805708,8.813357,-0.8090549,7.851441,5.388026,8.268024,-12.493547,9.218221,-11.113889,7.9385834,-0.3379946,6.639196,1.384226,6.087196,-8.956173,6.4504166,26.67603514072215,14.507631085143666,15.185090597923116,15.268900944108072,16.72939280074367,16.025224320504943,52.49479859096081,Magpie Goose_filtered
Magpie_Goose_4_segment.wav,0.28060777020302546,0.008493659,3651.4148324309376,2049.641766739966,5889.5367859275475,-420.59665,38.26488,-66.52598,17.628086,-140.32806,12.965533,-35.599415,13.067393,-49.633442,9.091958,12.233915,7.078896,0.36674052,7.58935,16.37306,8.124898,-3.553801,7.5071115,18.6096,7.378464,-1.9510947,7.576621,12.045604,6.4809556,-2.0798783,6.759896,26.452639064159026,13.86221605348903,21.013202402264294,15.53106753758236,16.436593674937125,18.349556574214397,54.553373789224196,Magpie Goose_filtered
Magpie_Goose_5_segment.wav,0.24879119235788863,0.008952245,3354.859551473966,1911.1157271170657,5571.279149597593,-419.7487,45.978447,-48.17057,30.178358,-152.7152,10.388612,-29.505882,8.852479,-66.99065,10.674506,22.758179,6.4235086,-11.641862,6.8572426,20.304647,7.523115,-9.707813,7.5889506,21.438496,5.481061,8.054125,7.042544,9.221838,6.3869915,-1.7834324,5.295751,26.6849799168845,15.080272546157785,23.669358622512,17.789063850213353,18.296841707476,17.85755774785138,61.261475778607476,Magpie Goose_filtered
Magpie_Goose_6_segment.wav,0.2688526410237819,0.010919136,3052.0114914993433,1179.3625729768494,3927.1116747933584,-486.84845,43.07245,-26.19513,32.729042,-146.2472,19.780766,25.105532,36.121086,-33.060978,20.06786,0.9202286,13.156592,31.833622,11.309352,0.33026108,10.857917,-9.020129,8.293545,6.250825,6.256602,-4.108883,7.161747,-1.73281,7.730044,4.0608897,5.87833,26.936489473128688,13.689324425792398,20.431782566065994,18.882925924899066,18.96446928385562,27.033118318157058,54.162281518509744,Magpie Goose_filtered
Magpie_Goose_7_segment.wav,0.24437358810240964,0.0058298768,3363.2487578288283,2047.8470930031167,5713.485210372741,-419.50308,20.229753,-45.51166,10.85203,-149.30266,7.814319,-42.922733,7.439413,-67.96923,5.6608534,2.8107975,6.0805764,-18.721973,5.8037186,15.24467,6.173847,-8.81343,4.9382796,15.824753,5.094799,-2.5020669,5.5267663,15.7861395,5.3463955,-0.7998129,4.6407933,26.34772030250876,14.832072132607,21.226978745154753,15.499549735423695,16.215755870477448,16.65340724139603,59.01037689996265,Magpie Goose_filtered
Magpie_Goose_8_segment.wav,0.17556033388921113,0.033093184,2521.5353114002573,1463.1680658245275,4011.2960071962007,-311.04153,33.29319,-23.014502,20.025982,-203.24014,12.734919,-40.24913,9.604946,-58.629868,6.5465975,18.639038,6.6050606,-12.849037,6.8827777,10.735419,6.4279385,-3.8614862,5.564831,18.349144,5.7347975,4.9122486,5.4468293,13.494449,5.7998967,6.544072,6.497099,26.456810840513903,14.542824405396987,25.58789562597083,18.734342371334883,19.85312602977971,20.130598541428892,60.014612951736055,Magpie Goose_filtered
Magpie_Goose_9_segment.wav,0.2737932315835267,0.012478532,3278.317434316051,1749.2687392439818,4787.840267455771,-421.20374,34.09079,-40.991108,10.146857,-160.98586,19.358187,-26.333511,8.055857,-52.01334,8.692549,36.116688,7.9811244,-3.011948,6.3136687,2.0179815,6.458369,4.88037,5.8308134,14.172747,5.487769,-10.693534,7.640596,33.573837,7.4948797,-16.242424,9.68848,26.923954096022566,13.167311256177818,24.998771761520793,20.798259899404528,20.617051417404184,26.638051290872905,60.78639184876346,Magpie Goose_filtered
King_Penguin_10_segment.wav,0.19470186521171692,0.022252012,2755.0170671008,1592.3882642037759,4303.992690508991,-492.89017,153.97377,-3.809751,27.658722,-122.554924,72.310135,-19.445326,17.450842,-14.622255,21.883818,9.574676,8.545493,8.8357315,8.212322,9.796662,7.224185,-6.8989305,8.619667,1.4036552,5.8550653,-3.9478326,9.093116,-3.6804767,5.671291,-3.4155066,8.932429,26.805137927181804,17.595204139797733,21.31067134018979,17.29073868075037,16.16368866603009,18.777425918846234,56.0082603265778,penguin_filtered
King_Penguin_11_segment.wav,0.1928547398325359,0.012680156,2949.2372385527015,1880.3925586440232,5057.392145914324,-411.46432,50.863754,-31.70219,25.14958,-151.96944,21.091532,-42.518932,18.225971,-55.813606,14.26784,12.212403,13.415027,-7.7767015,11.00209,32.896656,11.764982,-8.97565,9.9144535,6.7210503,11.1086855,-3.7073689,9.397199,3.7940192,10.828372,-5.4877276,13.504777,26.64759561047618,14.803347292611791,20.8572419822193,17.675897058431342,18.045089751212352,17.69597137427553,60.50088883724126,penguin_filtered
King_Penguin_12_segment.wav,0.20027348281612528,0.033881005,2794.6027715608006,1448.8399608956868,4226.278311249275,-383.9707,53.341763,-28.127787,36.1571,-157.3434,23.954618,-5.877302,18.772009,-39.79694,22.522314,14.412837,22.669891,-15.537406,14.562803,11.653873,14.12656,0.55611527,15.600443,-4.047773,13.508062,-9.035436,16.371178,3.9151003,14.465511,-1.6239144,13.356747,26.625530034210176,18.889423060509976,19.346302114492016,20.361367080610353,22.63498212886944,20.544356353492518,58.5780861082063,penguin_filtered
King_Penguin_13_segment.wav,0.1855672672563805,0.038259078,2519.380344853582,1332.4596060105396,3569.8903236477668,-384.5872,39.810287,-11.712621,31.954842,-155.42343,14.406939,-9.880721,22.369183,1.9487456,16.704329,13.962438,11.0889015,-5.458504,18.853489,9.834816,15.101959,5.86175,12.8493595,-6.4678946,15.268185,-6.2569256,14.173596,-0.36821005,12.246705,-0.14702176,9.612278,26.8354032934402,18.552190548275245,17.73316038794111,18.465456787835816,19.70215654205492,20.109310212550785,55.99821201419973,penguin_filtered
King_Penguin_14_segment.wav,0.19491711680684454,0.07427499,2829.5173715470078,1712.7916074990578,4433.666539026247,-209.01723,41.515064,-31.178785,21.810867,-168.80641,12.744909,-39.257744,15.413715,-60.15816,12.960711,-8.711583,8.2439375,-15.073405,8.884609,25.447407,10.219514,-11.803078,7.9486384,6.399639,9.510836,-8.244518,9.210874,4.4707937,7.534197,-4.6533017,8.154929,25.27366191717261,15.80560234412505,19.838653911093672,17.259325724850637,17.23530486672331,17.83829947294422,58.86714805731425,penguin_filtered
King_Penguin_15_segment.wav,0.1661167882424033,0.022499032,2266.4489704264406,1177.9243873112387,3383.1814760661255,-360.68442,34.99504,9.225237,24.987831,-206.14568,12.3800335,-33.191826,11.316679,-43.438892,6.4676247,11.367133,5.4651628,7.1233916,5.4001946,4.8103986,5.0050445,5.4714227,5.347209,6.985308,4.810422,8.283543,5.0277042,-0.48455474,5.34266,1.8256624,6.5829253,26.900545346052503,16.266348990500244,21.30203852955195,16.62005820327022,17.34274268384803,21.098846111509364,55.95078318276996,penguin_filtered
King_Penguin_16_segment.wav,0.19842458490429235,0.015581742,2973.3367416095853,1787.720976743044,4848.168208925464,-415.92902,75.72538,-38.53134,23.14469,-160.33392,38.12619,-23.578957,14.471091,-33.917984,14.510467,24.801638,10.683921,6.166562,8.557502,18.450933,8.480793,-2.5903044,7.636259,9.012714,6.865645,-8.687535,9.600712,4.009219,7.3337164,-6.7589207,9.617462,26.306266982825775,13.118732059240754,21.677967113102582,19.863303744418086,17.192626947343808,18.777057145918082,57.08687270268993,penguin_filtered
King_Penguin_17_segment.wav,0.180005119842233,0.008040237,2823.358784765955,1788.845392426351,4675.710318852397,-500.59885,97.48908,-20.841446,27.030067,-149.20291,38.902077,-30.436827,10.200987,-35.73975,12.850861,22.10452,7.6692386,4.2821193,8.43043,18.349289,9.098265,-3.2168033,12.149292,6.238043,6.926965,-4.3660674,7.3586802,1.2251755,6.254198,-7.580891,8.730521,26.96510237454663,14.554832137377726,19.324973602497842,18.281108532720538,17.717643884904025,17.466221904406783,58.14780763298549,penguin_filtered
King_Penguin_18_segment.wav,0.17651423832656613,0.016663644,2476.7039668177817,1472.823131778184,3937.178821962007,-427.76636,36.27016,5.6708198,15.07257,-164.40395,27.674572,-38.37697,10.657173,-37.402786,12.194058,24.877748,8.589904,7.2394547,8.71076,3.926053,10.435587,5.320679,9.004863,10.116837,8.815989,4.890062,7.278695,1.2162113,6.5527577,2.7464755,7.643101,26.60985574076504,14.214512703491899,22.168701786033257,18.35192858342012,19.097849637540012,19.718564542516425,57.09411353417467,penguin_filtered
King_Penguin_19_segment.wav,0.14652402660962877,0.06664305,2535.0789009428718,1756.1917047011605,4359.424451221723,-226.12184,73.19883,-9.68573,31.238348,-163.76591,13.964343,-55.04827,8.722919,-67.460014,9.344585,1.5688998,6.2503724,-15.300749,8.050779,14.436311,5.569102,-7.9997087,7.7878466,3.8837013,6.400329,-7.2631497,7.391048,5.827488,5.9075546,-2.4265454,8.220584,26.576551580542727,24.974218613759437,20.124385558813646,17.48930601323296,16.498749472106887,16.19459779373486,57.85393339162465,penguin_filtered
King_Penguin_1_segment.wav,0.17241766060034802,0.039743923,2339.6732552035846,1267.736680862938,3383.535688714472,-311.54535,47.015347,1.9826672,16.254004,-197.43385,13.583781,-31.538464,9.506875,-46.733795,13.292482,3.5496602,10.625141,1.9822214,10.210842,25.177591,7.7741528,3.1194704,6.3309345,-0.34165016,8.164933,4.6438146,10.318325,-1.6351324,9.688883,-4.5946674,9.141841,26.460442372094015,19.302653544874087,22.433430767696297,18.452986823176385,16.958516979662488,19.801201027068053,57.437847621551605,penguin_filtered
King_Penguin_20_segment.wav,0.17796662014211137,0.054276295,2543.646951376455,1518.5178032182446,3956.338876250725,-234.72165,20.598743,-20.142097,13.268192,-198.34796,8.861115,-43.76082,9.05088,-71.2323,7.0545607,-3.0364442,7.254861,-6.2362056,6.7928543,23.561102,5.2158036,-9.883178,5.326115,4.311046,5.4009414,-7.920864,6.0456553,5.937986,5.802555,-0.40216553,6.6188903,26.40198653837748,20.529473511365758,20.653191124780967,16.094154248195657,15.08840502013233,18.493905072764477,58.01638433970654,penguin_filtered
King_Penguin_21_segment.wav,0.1796875,0.007485146,2408.7246918725045,1189.8615366503655,3545.958991172419,-508.11234,61.273643,1.7919469,28.11354,-195.90694,31.92001,-15.168914,15.679396,-28.498028,10.320633,11.115124,12.300984,7.7629786,9.502637,6.1514363,10.402931,-0.04479082,7.3535075,1.4453759,8.019169,6.230119,9.777776,8.475332,8.945112,1.0977547,9.040304,26.675701721745643,14.35248196903049,17.325305474956707,18.74844304187407,17.139853726260448,24.193350095630237,55.17166368919737,penguin_filtered
King_Penguin_22_segment.wav,0.16700691524071926,0.004087107,2244.794588982688,1165.7672513989621,3213.1685827834976,-555.15216,38.53761,21.51195,18.456123,-170.97667,20.288048,-25.974329,14.070662,-21.397894,7.336146,3.4752715,9.011489,6.7576437,8.96283,2.6042686,11.708234,-0.22593209,6.8770456,1.3557526,10.067712,10.435284,8.275568,8.4859085,8.330675,3.2784052,7.158202,26.695388257651523,14.907064150553486,16.755442874860343,18.085794703914758,18.881019034066124,21.21712918517164,53.11101405765178,penguin_filtered
King_Penguin_23_segment.wav,0.16871178668478262,0.007338731,2316.4452842724013,1195.1270515250424,3402.9148267663045,-511.358,66.12152,10.4081135,27.686626,-194.35934,32.234505,-22.957176,13.66355,-31.615805,11.705333,10.837581,11.694506,2.1941218,8.054628,4.146427,10.806937,-3.9523244,8.166533,2.7320716,6.9748144,9.154623,8.509757,8.680649,6.9353433,5.0743713,7.0400925,26.564003946818488,15.199874758948543,17.29988645517906,18.843838657610284,17.19659746121657,21.90276201759744,55.2062773858792,penguin_filtered
King_Penguin_24_segment.wav,0.16543291199882076,0.0055077337,2269.472217459411,1193.619643343175,3332.847220942659,-526.7331,58.025265,14.702233,23.04204,-188.41415,25.367146,-25.560625,10.334756,-30.521004,11.112892,10.167351,12.412069,3.8989046,8.193512,3.6045694,8.454297,-2.9423523,7.113894,-0.3778535,6.9891934,9.499888,6.185893,10.494507,5.8220787,4.2495856,7.0789833,26.60143235290688,15.011120968863427,17.147441379380002,18.658650181996578,17.147958882540753,21.17630137939412,54.48376995500828,penguin_filtered
King_Penguin_25_segment.wav,0.18399537382679182,0.008870229,2402.491824668258,1202.8008839248353,3533.2091243600685,-484.7421,66.90815,13.194385,28.133322,-192.56503,29.048153,-18.644564,15.728959,-41.871574,16.863459,0.1051892,7.549645,6.269333,9.0202,2.785689,9.815394,-5.532509,6.776489,3.0226212,5.8829184,5.4058228,8.234741,6.8892617,8.005125,8.136135,7.085964,26.73529828824293,16.533263674530332,17.272741133477446,17.889751141581712,16.682976540205235,24.219517390625374,55.02647056886784,penguin_filtered
King_Penguin_26_segment.wav,0.16985482742537314,0.008524999,2337.4192905673035,1291.6334720003288,3463.471096665112,-468.40634,54.69185,16.71481,17.523777,-191.69655,30.126,-30.034063,14.137016,-50.671165,13.302185,2.5080914,6.7904925,-5.6105795,6.5153685,3.9326813,8.245961,-13.748053,5.5939727,2.0651572,7.780555,6.168294,7.3823404,13.730008,6.12562,7.9076056,7.6833806,26.612987628152172,17.892549837266696,16.208911948871698,18.04460171337431,17.70196188481263,22.374970001756555,55.88070102118853,penguin_filtered
King_Penguin_27_segment.wav,0.21744942720417634,0.07088881,2360.2228758715696,764.322764311519,3213.3184658678942,-358.26523,30.280636,64.977104,7.0521784,-243.17975,25.282343,-36.95554,8.410858,14.07692,7.4433236,-65.884926,9.719178,24.739922,8.443854,23.804234,8.925622,-25.474926,8.478344,24.365404,7.396024,5.375531,7.3605366,-18.749735,7.3912706,21.288256,11.102205,26.403379254235638,16.974246906401817,20.166171869545693,17.784626735531955,17.452407298061484,50.36158296940741,36.22284894480487,penguin_filtered
King_Penguin_28_segment.wav,0.15955467843677495,0.0066276295,2522.5133518874063,1845.5447994369263,4218.159644177784,-404.51877,28.061256,4.6273155,8.859917,-153.67387,12.017793,-62.544907,6.9432087,-52.719177,7.81849,-8.339457,5.3841767,-20.855953,5.2880263,7.1982784,5.5189104,-13.896715,4.698503,6.2140307,4.360102,-8.437751,4.000973,7.8457084,3.9456463,-3.3156314,3.825237,26.233494833511838,17.78484131434703,17.921575445965825,13.57545694793979,15.836653733210806,15.93826199769493,53.61860888798092,penguin_filtered
King_Penguin_29_segment.wav,0.19761342626160092,0.022967093,2624.7723107743823,1599.276931327683,4017.0165449173433,-347.7432,59.11586,12.398997,12.9731655,-154.77957,34.952404,-30.39977,12.612282,-48.96089,11.246398,-17.408442,8.014938,-15.13154,6.0466194,5.562303,7.398899,-12.621692,7.43227,6.080088,5.93232,-7.728429,6.3777633,3.048276,5.679695,-3.138878,5.050597,25.494542170292416,17.079250163596676,17.715086685333567,14.769272298149778,16.43688118398448,19.595397853210063,53.9452308950462,penguin_filtered
King_Penguin_2_segment.wav,0.1994204067575406,0.00966788,2830.0731684668976,1595.1880100648248,4363.895963239559,-447.36682,48.502094,-46.851654,16.924042,-180.14903,15.467468,-21.31178,8.756543,-34.85377,8.15344,19.708853,6.658588,4.2146487,7.5141964,30.604303,7.3298006,-0.5100702,9.590517,6.7688046,9.143526,-6.4897814,7.887848,-2.4340973,9.887735,-4.326587,10.564154,27.003572776776718,12.362320348728773,22.00440279633669,19.88724185024065,17.678830665312013,18.917186020685655,58.31844706386358,penguin_filtered
King_Penguin_30_segment.wav,0.19604775413283063,0.029155603,2773.022066049402,1549.0214130380532,4385.254302766096,-349.3593,42.502876,-29.955437,17.10833,-166.91626,18.399454,-12.4164295,14.792322,-45.25996,15.733714,34.577965,12.50132,25.040977,8.80696,28.573124,8.473873,2.3285737,8.830247,-3.6247406,9.420326,-13.89486,9.253579,-21.429756,10.766473,8.093058,10.061851,26.746684537760967,10.49750298816158,26.093123669095426,20.69193524156909,18.41585571867752,20.00336095414625,62.228068703243295,penguin_filtered
King_Penguin_3_segment.wav,0.16127102668213458,0.0047563417,2278.772196284956,1397.567406745447,3599.3673302457946,-464.61966,17.773773,23.910906,7.6731277,-182.8568,12.211887,-42.374664,6.771496,-60.873787,5.8155937,-1.1304419,5.090417,-18.210121,4.778615,-5.1659675,5.138007,-15.156177,4.4219427,4.34554,4.941609,-1.2005434,5.1132665,7.5664563,4.7087564,4.447995,3.9814868,26.68471204219864,20.263834249125853,15.759784587309783,15.107948543224186,16.754990844029216,18.968006250602894,54.68110032609139,penguin_filtered
King_Penguin_4_segment.wav,0.1610988254060325,0.016386585,2210.7599214172014,1203.6004743729184,3300.2756353320765,-475.05374,78.32092,16.665983,24.171656,-154.29865,49.21425,-29.437737,20.039568,-10.185328,8.999716,8.973396,7.5713916,16.181635,5.0905004,3.0892563,5.189112,2.2535903,4.634779,2.5436203,5.532677,2.8910728,6.858173,-2.4795032,9.239766,-4.325615,4.542688,26.418594340621173,15.139759664059671,18.539213158831043,18.456259440648502,17.98259328715891,21.38998161249417,53.763448231098636,penguin_filtered
King_Penguin_5_segment.wav,0.16334197360788863,0.020659763,2241.370056325612,1201.5895089165892,3375.6168657555104,-430.38144,55.60722,14.608953,19.350214,-160.502,40.93759,-28.415861,18.044273,-7.7357473,7.6955814,15.185288,8.3104315,13.153119,7.17976,0.13017397,7.7948966,6.666479,5.9581747,-4.2426324,7.4473066,4.8440094,6.2546306,4.176315,6.4102864,0.23357968,7.953616,26.76083077830401,16.382641858202984,18.976130692167594,19.45146223328301,19.039949278499027,20.66604087002211,55.258756403006565,penguin_filtered
King_Penguin_6_segment.wav,0.13005614667923435,0.032248322,2080.908060744126,1483.0242315036776,3456.303926189095,-289.66068,31.640923,38.888832,8.574451,-164.85974,13.953804,-57.591667,5.7486997,-77.02242,7.262622,-4.5335646,6.898085,-20.377867,6.4056926,1.6840527,5.85993,-13.625157,5.838432,-1.8264525,4.963027,-9.996294,5.148815,3.1649883,4.938209,-2.2847958,5.97727,26.495223392419103,22.463975853722868,17.715955836437594,15.325073684196266,17.497445649804128,17.07506342991416,56.605863530703104,penguin_filtered
King_Penguin_7_segment.wav,0.174842529296875,0.09343395,2679.2462616519533,1742.923843828454,4406.258605957031,-274.1109,148.16295,-1.5859363,29.883581,-138.79437,28.871737,-36.096973,11.944375,-32.889603,18.37104,5.7266517,8.934261,3.1004293,11.900414,12.926592,8.970815,-0.8599243,5.783006,6.245991,8.203669,0.5849442,5.815165,2.5893238,6.571975,-3.285423,9.868312,23.27785404889812,18.279875356728397,19.506035157583465,15.567863142842377,15.337169072161027,16.96996575564104,55.72357004310181,penguin_filtered
King_Penguin_8_segment.wav,0.1648987386828271,0.042665195,2638.0890092281375,1684.2771163021685,4250.7448570750585,-369.31375,105.30831,-25.918255,46.2354,-157.67809,38.12116,-33.13056,20.158415,-35.642715,18.626547,26.044794,10.796608,10.739007,8.476914,9.218754,7.947173,-6.392085,11.847165,2.713431,7.6730986,-8.051733,10.871936,-4.7111382,8.090865,-0.2419419,9.159523,26.752549178166053,17.15259007896487,21.005822619877577,21.76992785527882,19.797297205891898,19.48727012723287,56.62970841298025,penguin_filtered
King_Penguin_9_segment.wav,0.240202653712297,0.032141823,3278.5234442191836,1665.42825693921,4985.236289606293,-342.15646,49.702274,-45.885468,39.789135,-141.75047,17.044306,-0.7555632,17.384981,-43.993393,10.686505,-1.3185638,10.239483,-14.974607,11.351944,26.377989,14.370866,-3.5868497,13.473664,1.391175,11.532337,-4.8270764,11.805254,8.946949,11.575611,-3.7489014,10.689401,26.567814620366626,19.015687096346067,17.519911168885688,16.069371471245578,19.564647977235104,19.011103935554697,60.02542703421051,penguin_filtered
Red-tailed_Hawk_10_segment.wav,0.2965781793793503,0.0050878124,3755.337867003326,1847.8943128101803,5749.515117459397,-534.95685,19.749184,-69.42937,21.600994,-107.14351,14.394727,31.021366,23.266851,11.465553,8.124902,36.24176,11.08054,-15.022576,12.674317,-4.9092183,6.545411,-10.5826235,5.618645,3.8347156,8.064766,0.87131906,6.0466537,9.729232,6.4508066,-3.6576984,7.4730372,26.528644124567137,10.18285086355351,12.36505334793501,30.130195548621234,16.87271565316766,17.42541281047719,59.544476071433586,Red-tailed Hawk_filtered
Red-tailed_Hawk_11_segment.wav,0.41130048216357307,0.0035618364,4542.908040563357,2258.6043646199782,6979.430727505075,-580.74023,49.032967,-74.354485,7.326214,-105.99285,43.713024,-22.11416,10.646751,-20.936314,12.022832,22.55359,9.914101,5.0756345,5.998574,25.439888,9.234805,-7.8692613,6.7442904,8.7441635,9.696425,-4.1055164,8.289646,10.017524,6.61373,-4.660156,6.2002378,26.784182035185037,10.171119728033123,18.550452053760562,15.710851305951458,14.98285573118186,15.0139507179142,55.996931821147925,Red-tailed Hawk_filtered
Red-tailed_Hawk_12_segment.wav,0.2717749324845679,0.011853415,3587.3255357443986,1966.3037914723327,5740.113932291667,-518.22626,103.169075,-17.981783,33.136196,-80.15175,71.20896,1.2833177,22.829966,-13.269671,17.94071,13.899901,12.536121,12.773843,10.382369,18.97481,13.4704,-2.9939091,10.137786,-15.588547,11.07009,-6.337758,9.060296,-3.5023823,10.654516,9.031639,9.101263,26.735173935459986,10.330853449582525,20.561440998439767,17.786884986353947,17.92669012990229,17.901319737323803,55.0321945353918,Red-tailed Hawk_filtered
Red-tailed_Hawk_13_segment.wav,0.2718080515226629,0.013053439,3633.937062697037,2052.612983768031,5946.885097600921,-546.2675,44.100586,-4.8804,20.222637,-55.29605,38.22445,-0.77746063,26.256992,11.254234,13.796988,5.9855313,12.755038,2.7195885,13.569102,5.963531,13.170927,-2.9192345,11.687854,-9.447646,12.42534,-0.9802165,11.354952,2.0601287,13.500693,1.9182547,9.93741,26.57303049774933,10.170096340070819,21.01840763948118,16.50254246245566,19.818667083065826,17.815750208855203,53.731635239167645,Red-tailed Hawk_filtered
Red-tailed_Hawk_14_segment.wav,0.27477092698665895,0.003649545,3390.7527799085096,1725.0354847218764,5242.385701402987,-557.5842,39.281902,-18.516882,12.786995,-85.934105,29.864939,10.737341,9.607292,-0.31035358,8.701692,11.366077,5.5942907,9.038527,4.864352,5.247236,12.373538,-1.82349,7.5459294,-6.6323943,8.148656,-2.7349577,7.441515,-5.949734,4.5495496,4.476996,5.4695063,26.998985847508283,9.977673348869274,18.713940153552013,15.369243845626402,15.454087549623676,15.976360135946173,58.295731378726146,Red-tailed Hawk_filtered
Red-tailed_Hawk_15_segment.wav,0.2886542648565574,0.00015553566,3346.4328511173967,2186.0514765492057,5666.93895683914,-832.10486,36.671806,-4.690438,24.212193,-91.6212,28.127462,-7.7420273,29.388329,-16.677689,12.982114,18.356365,15.866267,11.826392,8.384311,24.661915,13.5869465,-0.9546582,8.769269,0.83477634,9.7230015,3.3533351,9.151559,-0.71762645,6.436944,0.5024061,5.6482663,26.60441088234316,9.91150700263455,14.691392211665795,13.813077619164831,17.682989325828935,16.984131652633963,49.06129699491651,Red-tailed Hawk_filtered
Red-tailed_Hawk_16_segment.wav,0.3731377180232558,0.010944804,4429.322757342781,2113.1094818651386,6813.380893441134,-565.58325,87.2096,-33.079086,44.17756,-41.535484,41.2914,19.650639,23.472326,-11.736933,11.395076,9.068492,9.85958,4.7323523,12.174671,3.3439403,13.407124,-5.6235514,7.6917863,-1.436428,6.676129,-2.3175323,6.835543,2.452671,7.868527,1.2987647,6.988072,26.8288833040392,11.434645060397783,15.967783668334848,14.304009449620848,16.337678392543356,17.56334256512749,53.863889879951735,Red-tailed Hawk_filtered
Red-tailed_Hawk_17_segment.wav,0.3590555213167053,0.00865964,4291.480627490954,2132.3724113680537,6652.08607118257,-547.9849,73.045876,-47.55333,28.870552,-81.52318,53.008453,9.34534,26.140688,-5.8100514,10.867549,15.180736,8.0562935,5.087646,5.0255833,17.201004,8.229418,-13.548143,7.9251094,-1.0567031,9.358852,-4.17378,7.024118,4.667107,8.435732,-2.852535,5.8941665,26.78357880080682,10.431708355936102,18.752266304816427,16.784086993823102,17.436820530552815,17.566580061674948,53.52773385686389,Red-tailed Hawk_filtered
Red-tailed_Hawk_18_segment.wav,0.19110942937935035,0.008334309,2740.419285730744,1636.8095328108086,4163.976909168358,-533.42993,61.795788,-4.478867,34.087738,-67.03698,37.279453,-12.968962,31.50432,1.8953259,12.026267,23.678028,8.882748,21.00134,11.934188,-3.7295296,13.519284,-20.912077,8.832657,-5.9009433,12.993335,4.032805,12.703467,5.3750668,7.8863378,5.3548865,9.831777,26.967801004603515,10.361489057820085,20.817883418440406,20.62468055572714,18.350287229448735,20.014818008740452,55.68708339514012,Red-tailed Hawk_filtered
Red-tailed_Hawk_19_segment.wav,0.2862338362068966,0.008907254,3810.3112509127304,2248.1940821965572,6397.926411882837,-556.7453,84.78732,-4.321594,26.175407,-40.324184,51.39702,-6.070014,18.26402,-3.9812822,10.486448,9.10976,5.784929,6.833132,6.649931,5.4465494,12.339178,-4.40076,8.30696,-3.7333517,6.727201,0.40841398,8.026052,-1.0983603,7.2708282,0.40106243,4.872683,27.0196875796894,10.256665487137463,20.837516182108086,14.363395511284496,16.07641294154881,17.016017428817165,53.67798541165861,Red-tailed Hawk_filtered
Red-tailed_Hawk_1_segment.wav,0.23531644250290024,0.0045719324,3306.5914922645984,2154.3386019873083,5797.577626522621,-486.71744,70.08627,-57.838367,22.850195,-154.32399,20.161694,-56.865612,21.631884,-39.74771,9.97517,-2.2938232,10.458857,-9.326597,9.112969,21.397535,7.3590164,0.0607474,7.782279,11.99976,7.4090466,0.008082485,5.5249605,14.002834,5.0603414,-1.0896033,4.189836,26.66978801027413,13.345445561385002,21.25643350450192,13.770092336891674,15.531800513720057,15.496950064578444,52.27888314560062,Red-tailed Hawk_filtered
Red-tailed_Hawk_21_segment.wav,0.27616666364559167,0.007041971,3712.295461587106,2091.4191178307765,6084.703655198666,-500.02176,34.455822,-24.723667,20.227436,-82.8848,24.90163,2.2872002,25.7298,4.7151885,12.760688,20.271524,12.055276,3.6628616,10.409895,8.438622,8.295963,-12.074707,7.2289715,-6.507527,8.652882,1.5126445,8.066356,2.8415544,8.229128,-2.774513,5.8843894,26.78360223718659,9.877503768035506,22.547251055923308,17.338672062061825,18.056995999030814,16.481943487836663,54.382048849583605,Red-tailed Hawk_filtered
Red-tailed_Hawk_22_segment.wav,0.2374718173238255,0.011842821,3475.845781721271,2007.565895171929,5911.297812237835,-526.90405,80.92028,-23.733398,47.488148,-83.874985,43.652916,-2.27388,38.79301,-14.72671,11.0271635,23.018179,5.8600054,13.453389,9.874002,8.16297,11.915445,-9.847184,7.1732316,-2.8160374,9.105075,2.1794832,5.5150895,-1.8484671,6.971483,-3.6066027,5.4414816,26.73154793496397,10.288891152969345,20.333376980549186,15.634417678903672,18.16144648054767,17.307414487146985,59.02807831494144,Red-tailed Hawk_filtered
Red-tailed_Hawk_23_segment.wav,0.26430743365719256,0.00086075073,3451.9704141836282,1921.191537507529,5479.850468115575,-673.52466,28.197098,-33.93249,13.714689,-123.63887,26.490915,-10.473698,19.840109,-24.264215,8.497162,39.0857,12.399271,16.466553,7.4630203,26.508455,10.655772,-3.2411788,9.356498,-7.5546966,9.54152,-7.840994,7.2886696,3.8258684,5.8490753,-1.0046781,5.5759826,26.743859801432254,10.254600740209654,18.395713716899095,16.802471644838228,15.862430494943883,17.218624368807593,56.0781091082348,Red-tailed Hawk_filtered
Red-tailed_Hawk_24_segment.wav,0.2481590324100928,0.0115704825,3509.3235373084312,2188.58798025629,6114.855135676479,-476.5635,70.3292,-19.435562,24.088667,-101.07361,34.659718,-17.681324,12.891733,-14.476305,8.223941,17.960354,5.773287,7.5111117,8.617657,20.263275,10.450076,-5.1982455,4.751431,2.0149062,5.404343,-0.77773845,5.6306014,-2.3960156,6.5998607,-6.28517,4.956731,26.779598465396273,12.482070592779538,24.636673908701873,14.437141660506098,15.624138623501212,16.152712677853398,54.820601748225045,Red-tailed Hawk_filtered
Red-tailed_Hawk_25_segment.wav,0.3464734991299304,0.006802348,4098.296231529031,1995.3050084402898,6140.1104353973315,-552.7771,85.71043,-21.347412,28.529902,-55.22594,46.65669,4.9850664,9.712393,-11.172669,13.140924,13.294668,12.33755,3.5438092,10.842234,12.832654,15.166538,-2.7325811,7.6985683,-12.048484,8.359984,4.699891,7.0862856,-1.3499086,6.7660956,-4.774589,6.8516316,26.84580150404766,10.370751088743608,20.818851012008455,14.60291958338248,18.18027772007947,18.97309597174154,56.83165278275818,Red-tailed Hawk_filtered
Red-tailed_Hawk_26_segment.wav,0.31613208744199534,0.015755886,4000.612823084856,2154.4085697764635,6400.407391966357,-499.93198,39.507782,-13.31674,19.68253,-48.761993,28.827362,2.2385871,25.686348,-2.2300096,10.587024,6.0778375,12.138205,4.725668,9.4897175,10.502018,10.284822,-10.45842,10.887283,-0.20175008,7.703392,1.1385193,9.224267,-3.1431491,9.450847,2.8556125,7.4704714,26.6617072314163,12.879657407543666,20.029993859445888,15.11488095971485,18.689745922621274,16.648751796170682,55.26079997960648,Red-tailed Hawk_filtered
Red-tailed_Hawk_27_segment.wav,0.26426211753190254,0.006951713,3558.502428368579,2161.228486742834,6020.628636619054,-449.59708,28.154507,-13.406058,14.751354,-96.56722,14.143202,-23.865074,12.265993,-37.98512,11.038813,13.594305,14.777255,-4.07784,11.598367,14.515249,8.390328,-3.9551084,7.880748,2.0534017,5.55644,-1.3562865,9.891483,8.143657,9.094531,0.5533119,5.9379196,26.777332280163662,15.444860519063898,19.578103745447716,13.674125998924438,16.18957804039922,16.757099300147154,55.912514770812614,Red-tailed Hawk_filtered
Red-tailed_Hawk_28_segment.wav,0.3177793285962877,0.010262034,3675.2537631751215,1589.1966241160505,5241.761188551334,-506.80618,61.602478,-20.26073,20.523214,-53.325626,49.455246,22.201498,19.00532,0.0683057,13.095912,2.348013,10.582088,9.005795,7.0250726,-3.179707,9.696335,-5.088797,7.55777,-4.323279,12.04313,1.2833427,8.046807,7.0606666,6.6698165,-0.87650275,6.2134194,26.575133206231058,10.396352954575915,16.889684885302714,17.753360765788724,16.5586036567315,19.97794248968578,57.84561582354128,Red-tailed Hawk_filtered
Red-tailed_Hawk_29_segment.wav,0.18797676518278303,0.012730479,2754.679871877526,1766.0143076318157,4428.75521677845,-502.9064,65.926186,0.20753105,42.73192,-91.36979,33.980015,-18.687511,38.095695,16.40386,11.223049,14.012601,7.9020896,3.0640914,9.921868,14.611649,12.331257,-2.3418276,6.481321,-12.372816,6.654736,-2.9071944,5.5037355,1.1842903,5.39942,-1.3665985,5.580935,26.717681485657824,9.977111064816244,24.195518084719655,15.205297016642165,19.367628424248945,15.811071977632622,55.032447758671516,Red-tailed Hawk_filtered
Red-tailed_Hawk_2_segment.wav,0.16837999383700697,0.014208962,2760.8388622728353,2022.5090716118864,4830.53196599478,-429.7489,24.304129,-33.486397,6.694621,-143.50392,21.712296,-67.53544,12.289146,-34.306923,9.2793665,31.389177,10.895882,0.6724526,6.671821,7.054401,10.388184,-10.95172,6.20931,22.186136,7.7704554,8.49155,7.2809534,16.143574,6.229993,-10.948973,6.8947983,26.73592473838321,14.699956703029255,21.82860421723528,20.510419090424122,19.34500045561141,15.150930272172138,55.34811285393291,Red-tailed Hawk_filtered
Red-tailed_Hawk_30_segment.wav,0.24071605785472974,0.008141745,3212.790284063139,1646.271686504056,4986.31872228674,-529.6819,72.56059,-46.072735,30.965086,-162.08055,51.01415,-1.1526399,35.340008,-43.654045,10.9602,5.449512,12.828287,-2.832207,5.553354,27.917313,14.600947,-2.355683,7.8062434,10.5172415,7.7100205,6.435115,6.6975036,7.9635935,6.06645,-5.437126,6.888089,26.5945745493799,12.068787482041085,20.07832918443365,15.475091429967103,17.59447446074638,18.93606652706632,56.081275212293114,Red-tailed Hawk_filtered
Red-tailed_Hawk_3_segment.wav,0.3551198158352668,0.021016158,4186.3373917138,1559.3130746707704,5827.279457747245,-537.29486,69.60171,-85.80331,44.744858,-73.56235,34.8179,64.13433,39.99097,-16.88668,9.897393,14.044303,11.625485,-1.9624,8.346118,1.2663635,9.66945,-20.420015,11.741034,15.9148445,13.113226,4.0711193,11.512198,-8.952941,11.545414,0.84245116,10.349401,26.85835236531131,9.998871828825656,14.590842181760406,20.306383760798475,20.602269976402514,22.50501961723019,60.90251254803287,Red-tailed Hawk_filtered
Red-tailed_Hawk_4_segment.wav,0.5635020380434783,0.006191072,6074.011253929643,2020.659883783833,8202.309145720108,-549.3409,61.618114,-123.86935,33.82956,-23.199669,27.116508,20.986555,26.657454,-9.995717,7.7821994,22.345003,8.187894,-11.395317,6.48916,13.21539,9.676994,-13.31505,5.303616,7.453967,6.813663,-8.304044,5.142684,9.596244,4.83298,-5.4509954,3.387979,26.64769376258384,10.134668837978774,15.846229761436526,16.30478276961987,16.173431738689132,15.266742605347249,54.436863788120164,Red-tailed Hawk_filtered
Red-tailed_Hawk_5_segment.wav,0.3314647984338747,0.011626662,4259.8169080635635,2343.035442749361,7045.753992350638,-536.9627,65.13912,-24.577509,38.104042,-53.34694,27.447306,2.947572,22.795954,-6.986157,10.807354,16.636955,6.9899373,6.9598794,4.6233096,8.191019,8.872778,-10.652545,13.77347,-4.0156403,7.392024,-2.028139,8.555182,1.1915004,8.766664,0.96269053,5.2527757,27.036010235083758,9.868850708586994,20.623944765878537,16.122164065388777,17.82525830127396,16.39068268895595,54.48270234165659,Red-tailed Hawk_filtered
Red-tailed_Hawk_6_segment.wav,0.2784980738767281,0.0049027363,3429.899938544103,1763.8160046537564,5256.830424647177,-516.4386,52.812725,-31.003376,31.56343,-123.84821,34.807774,-1.1830003,24.52562,-37.325027,16.19532,11.863949,12.583102,3.48306,8.814475,14.91288,9.086336,2.8600545,9.88842,10.0989275,9.2638035,-3.3859682,9.0212965,4.108723,8.638749,-5.700595,8.169595,26.925606623521013,15.243520914718632,19.85915185787482,15.478773224480422,18.28731486725815,21.91581258333684,57.54836110515261,Red-tailed Hawk_filtered
Red-tailed_Hawk_7_segment.wav,0.2712272059889791,0.012281212,3473.199238199559,1806.348281686398,5457.867615737384,-484.7628,63.7267,-27.272667,33.445675,-87.852,39.360653,14.202439,26.057922,1.1690289,5.9005275,18.67885,7.354807,11.7362175,9.572028,0.018046439,6.2143135,-13.265324,6.430983,-9.616075,5.075077,7.891131,9.780677,1.6982535,4.607188,-1.3735222,4.769298,26.563210016556884,10.484081623918312,17.737205504621894,20.108123537900102,16.984353122518147,17.286919652955266,58.25762777620571,Red-tailed Hawk_filtered
Red-tailed_Hawk_8_segment.wav,0.31203777552204176,0.016027529,3491.0067745816996,1496.131088621949,4818.21657256018,-435.631,39.975365,-24.55501,25.76739,-121.78914,26.823694,7.231487,21.418865,-32.862278,12.429227,22.955261,15.28563,17.727167,11.664149,3.4345803,12.8922415,10.972585,12.685116,-5.639595,10.1011715,2.8775303,8.471112,-3.8633866,8.948177,-11.658057,8.022211,26.93634012473483,12.483238289596903,23.832472831110092,15.014374239029557,16.673539736728763,23.21716112890663,57.12169222304699,Red-tailed Hawk_filtered
