File,Species,Chroma_Mean,Spectral_Centroid,Spectral_Bandwidth,Spectral_Contrast,Spectral_Flatness,Zero_Crossing_Rate,RMS_Energy,MFCC_1,MFCC_2,MFCC_3,MFCC_4,MFCC_5,MFCC_6,MFCC_7,MFCC_8,MFCC_9,MFCC_10,MFCC_11,MFCC_12,MFCC_13
Greater_Prairie_Chicken_10_segment.wav,chicken,0.5700173,683.4280991917398,1748.0994925804623,"[20.32852708363133, 14.154248690514818, 20.00745002357849, 16.53122064290591, 17.50241778828993, 17.575556221852484, 26.1474907344432]",1.143309e-05,0.010249221248667378,0.034207553,-530.2229,95.607155,26.67054,29.955278,42.626556,40.46516,23.771309,11.518492,7.361586,1.6942831,-0.32905993,-0.99542004,-2.252847
Greater_Prairie_Chicken_11_segment.wav,chicken,0.50732714,721.6746994274529,1790.6265707442683,"[17.577150280531203, 13.541448329524158, 21.736556678593235, 17.645363601849013, 20.220378358115703, 17.398708027849835, 25.019277776116116]",2.1046399e-05,0.008931694762793176,0.023438688,-534.8179,103.597046,33.0743,33.34004,40.848503,36.53061,23.886421,8.942306,0.4484171,-2.8497765,-4.949741,-8.160968,-8.046435
Greater_Prairie_Chicken_12_segment.wav,chicken,0.3938748,605.89454583374,1450.062196367138,"[18.647344955957795, 13.997757532454212, 22.556230274814165, 18.67070445784585, 21.522822177777172, 19.198448637681025, 19.536656159463544]",1.10021265e-05,0.010290865704957356,0.018541759,-533.47974,96.17878,43.15826,34.934673,37.89847,29.362001,19.308472,9.079235,-0.26432204,-5.0116677,-9.051692,-13.477258,-12.386745
Greater_Prairie_Chicken_13_segment.wav,chicken,0.26300377,2246.1199801753187,2664.7817351570957,"[12.7477454458109, 18.57180810810025, 17.09415513153479, 18.148571126743647, 22.576780786992465, 18.69084950828384, 32.972499506291214]",0.00016961586,0.0516125774586887,0.037136964,-369.40344,137.64128,-38.173676,-14.513123,10.115784,27.115028,-1.4883305,-7.3997073,-11.328897,2.4345698,-5.748783,-10.033354,-4.5875225
Greater_Prairie_Chicken_14_segment.wav,chicken,0.25727236,446.3699731695822,737.17806648604,"[12.221893429022208, 20.480313897722283, 14.727863156690393, 19.12937391560812, 21.35650382721067, 21.72095427118856, 13.79824436381514]",7.859091e-06,0.01332102045575693,0.06373011,-446.1899,120.815315,74.16543,26.992138,-2.6851945,-13.351248,-13.952224,-12.98946,-13.44843,-14.840907,-16.653276,-18.50626,-19.34861
Greater_Prairie_Chicken_15_segment.wav,chicken,0.2586992,1502.5045206859083,2054.4133422929813,"[8.835244733177447, 19.280125503700578, 13.738922732224918, 14.698567067238788, 18.83340454010935, 21.322345834120267, 32.148500246439056]",4.1119118e-05,0.02536095332489339,0.059422385,-372.4608,140.49794,-1.7736607,28.081606,20.832666,-9.976177,6.7513323,-3.4076705,-19.431286,-7.4935327,-8.645966,-18.553171,-13.489563
Greater_Prairie_Chicken_16_segment.wav,chicken,0.27229545,1704.126042115323,2043.0350114616592,"[10.928227624482197, 22.153237901039564, 13.231486932832263, 13.996979020858893, 19.645695839029642, 20.51230457657903, 32.32894866647843]",2.7281072e-05,0.028259407482675906,0.04909058,-374.254,119.37942,-28.001741,4.7994857,18.521828,-5.787346,2.420148,-10.676388,-25.758741,-13.586911,-14.5782995,-24.183098,-21.725687
Greater_Prairie_Chicken_17_segment.wav,chicken,0.26299798,1673.6605163806869,1988.9508784185214,"[9.888220226987212, 21.740192477140894, 13.552062788095194, 14.12444389896254, 19.639427695350054, 20.678203471033974, 32.843047388233416]",1.9168692e-05,0.0290506521521855,0.055728685,-373.4583,138.03754,-38.727737,16.506618,26.319927,-2.8627193,-0.172638,-13.633191,-18.921288,-13.028637,-14.712716,-20.78391,-22.398333
Greater_Prairie_Chicken_18_segment.wav,chicken,0.2820852,1749.9901156239928,1983.9790796422794,"[9.774776121410717, 20.990618116210168, 13.281294694553818, 15.652396166401962, 19.7403101306306, 19.273914765690986, 32.36367203564569]",4.8294576e-05,0.0340807819163113,0.039902795,-374.38242,137.72188,-41.036594,1.8692003,18.817877,1.9399927,3.8230305,-14.703271,-21.511461,-12.274496,-12.880999,-20.14349,-19.70564
Greater_Prairie_Chicken_19_segment.wav,chicken,0.2652957,1342.429395691939,3021.0697301244863,"[21.43365578373488, 19.8339279084379, 14.494310705236328, 12.664031106866217, 12.615070269024013, 17.978391722159913, 30.03745943696976]",2.5601772e-05,0.012332217046113689,0.029153444,-493.9628,89.26374,40.009724,58.745804,20.55249,20.014103,12.272212,15.2972,-5.457653,1.3297704,-4.879184,-9.007972,-8.848037
Greater_Prairie_Chicken_1_segment.wav,chicken,0.26256007,1463.670726093672,2423.5491697268644,"[12.933285209281154, 20.120403163611645, 16.283778903089786, 16.66003199592287, 16.619791441104496, 18.414593839871053, 35.0975407475154]",9.16267e-05,0.022699413609338748,0.13718516,-298.25784,141.09763,-0.72606176,31.230827,20.311008,11.115015,8.517244,-0.84067976,-4.763177,-1.9603636,-5.919611,-7.101146,-17.893744
Greater_Prairie_Chicken_20_segment.wav,chicken,0.26969913,707.0098476733625,2162.224978586443,"[23.671866379200075, 20.02272553732369, 16.88501458444139, 13.678069146126582, 14.019918364698803, 18.189484358183183, 29.38930640557002]",8.148982e-06,0.009074554089327147,0.052440684,-491.1943,104.69207,55.488842,65.679794,31.228785,21.739313,14.061925,8.308194,-8.319057,-1.7352474,-7.1864715,-15.009285,-13.1280985
Greater_Prairie_Chicken_2_segment.wav,chicken,0.33526185,1501.1113082897614,2204.859628609312,"[20.628780431107714, 11.94898754454683, 16.668463897062445, 15.550179179274618, 20.529214823597023, 22.220260158746544, 25.316803297985945]",0.00011804477,0.03601048190964819,0.019286064,-487.17993,125.54281,12.77252,4.998291,21.082891,8.256968,-3.8214834,-7.2318997,-11.633594,-15.358831,-18.974442,-22.885473,-21.465668
Greater_Prairie_Chicken_3_segment.wav,chicken,0.26233274,1411.257686988117,2350.5628274468695,"[15.476126624867673, 19.575853969492158, 15.899698015913557, 17.423747119046183, 18.115179960381752, 16.453914880833516, 32.61373772074141]",4.553296e-05,0.018653072527985076,0.07372285,-377.42963,96.51188,27.266804,10.192259,-0.97177994,-5.638591,-8.80755,-11.207058,-14.998757,-16.25598,-15.835335,-21.113514,-23.0472
Greater_Prairie_Chicken_4_segment.wav,chicken,0.26982793,2057.939087387688,2612.693007710247,"[13.563245791051, 16.988469828359097, 16.43801821482313, 17.741075760871155, 20.389905543309055, 17.51599447240728, 29.11224043524479]",0.00065559224,0.04029153201625799,0.026186401,-460.4535,91.356224,10.926228,-5.859343,-8.998867,-9.543477,-4.2488356,-9.841403,-19.451704,-16.29343,-14.120625,-18.287182,-15.59434
Greater_Prairie_Chicken_5_segment.wav,chicken,0.33375236,2316.8289357075787,3133.510518940774,"[16.54261742650306, 13.009527728529424, 11.805961005490408, 15.192047236462471, 18.87537333447726, 18.997810008213506, 31.839683986738034]",0.00029138557,0.03757735457755863,0.020804781,-432.35486,112.23205,11.938515,44.27232,19.554945,-3.8498414,-6.399554,-3.5830956,-9.36675,-13.375886,-8.098198,-12.802804,-13.040441
Greater_Prairie_Chicken_6_segment.wav,chicken,0.28218514,1060.5269244531669,1613.2452050634474,"[11.733999991744298, 18.851237152303707, 21.784897339393584, 18.85477260555326, 22.417540667754157, 21.21057209154276, 27.1684076179838]",1.2701072e-05,0.02357596781716418,0.028448222,-476.93344,131.50601,15.445279,27.541553,43.38396,28.670996,24.97794,14.842544,-3.7474823,-6.9332495,-7.637133,-19.76103,-23.065472
Greater_Prairie_Chicken_7_segment.wav,chicken,0.33873674,1000.6768915525394,1965.59769396346,"[12.370618526195182, 18.3342511760343, 18.478519072738372, 16.55649513820526, 18.711835039601244, 18.59644431867663, 26.442955956513792]",4.599202e-05,0.014632300273187633,0.024660582,-516.17,107.60029,24.466133,39.50204,44.355865,29.484297,27.232264,18.18262,0.43845835,-2.390273,-3.6308928,-10.351351,-10.543935
Greater_Prairie_Chicken_8_segment.wav,chicken,0.26997682,855.5967210945254,1658.6086145976788,"[12.914486018287903, 21.057424174800197, 22.312654904564038, 18.73213878467975, 20.18652866038048, 19.44716956182734, 21.495731621762992]",1.9506188e-05,0.016671316964285716,0.013575031,-589.72003,126.579575,27.04967,38.512127,41.74788,26.080915,21.345345,9.762123,-7.366847,-12.4009695,-9.41294,-16.833855,-20.117945
Greater_Prairie_Chicken_9_segment.wav,chicken,0.45451224,647.2772038540021,2059.776989792009,"[20.788118368883797, 16.652961156054975, 20.84770408290252, 17.328311855892366, 19.498985525354314, 15.441589482158465, 27.509059725324875]",9.683618e-06,0.007433014892057569,0.042337675,-529.6959,109.26321,59.385063,36.636635,38.68282,34.399395,18.798574,8.377738,3.1213453,3.453656,-4.004234,-10.597614,-14.103076
Greater_Flamingo_10_segment.wav,flamingo,0.5211914,1300.5828462080801,1470.4088462509537,"[10.272672241756428, 9.071397528164752, 11.810636593482132, 16.63631989877075, 16.32999156210052, 25.14483734072922, 26.43603627614615]",2.2823795e-05,0.03879230260295824,0.02798807,-375.99832,207.29198,-36.641575,-15.437826,34.35855,4.775908,4.7002106,27.181463,22.398003,7.924154,6.499293,5.3581314,1.57323
Greater_Flamingo_11_segment.wav,flamingo,0.3549079,2187.276318785357,2280.4062747263683,"[9.47193597099904, 8.720291658676434, 14.007189622047164, 15.865494730498156, 20.054644360744568, 23.81622928400615, 27.45650081803656]",0.00045167087,0.07342118619489559,0.016640518,-404.04,162.79138,-72.77415,-43.1086,-19.406988,-19.404379,-40.38847,3.536895,-11.632765,0.01804104,-7.0547023,-6.6456733,-8.412742
Greater_Flamingo_12_segment.wav,flamingo,0.5065401,2790.2655411915066,2402.5540704255445,"[13.43238124497057, 7.929318729588842, 11.560120038516349, 12.863097173959183, 14.932832517308368, 19.293427096973694, 32.39362000060284]",0.000910125,0.09206537304234338,0.0114679625,-375.2186,152.46014,-102.67651,10.717291,-28.035664,-0.92209435,-28.207512,7.806107,-9.378424,-0.11034473,-11.192893,-1.3211384,0.37924078
Greater_Flamingo_13_segment.wav,flamingo,0.4435186,2306.1673332292235,2595.230084734797,"[11.013706996737207, 8.127530265890133, 13.157923195346044, 16.242424997889234, 15.940237035390615, 19.245339618713277, 33.245918545792634]",0.00055922667,0.06186784005220418,0.024665482,-317.1318,169.68698,-54.889282,19.752388,-12.353364,0.90848166,-2.7540672,19.82751,-5.9154816,9.527408,-7.495254,-5.3790445,-3.7506108
Greater_Flamingo_14_segment.wav,flamingo,0.4177427,3020.633016495905,2794.3226663106484,"[16.84154029951259, 9.066821233354952, 11.543575304479935, 14.708831759131431, 16.18070571888373, 21.674067641433982, 26.58161744499675]",0.0021515049,0.09733677131670533,0.004572936,-485.4603,109.858795,-118.484375,-35.61402,-31.24081,-4.633645,-35.755215,9.687097,-22.11865,1.933552,-14.1385975,-7.1850634,-17.306433
Greater_Flamingo_15_segment.wav,flamingo,0.42346665,2456.60846175366,2262.4755867829367,"[13.754048859250952, 10.667225874852408, 12.963240434828293, 14.546453538710884, 18.162315674404102, 17.033168041105892, 31.698108197833566]",0.00048187777,0.06471496451892324,0.011583364,-463.07755,127.21233,-90.183975,-40.14554,-55.390366,-39.162247,-17.82259,-21.208618,0.7783997,-11.589763,-9.903715,-5.2844653,-10.57538
Greater_Flamingo_16_segment.wav,flamingo,0.5341046,2887.9767232132203,2686.8004321258854,"[8.711138232065776, 9.091190049359053, 11.087550461781472, 13.315793268713804, 17.59973479567118, 16.19662217088497, 30.824519365319972]",0.0019141524,0.09373073943896588,0.0049397284,-470.22455,159.43138,-78.72242,23.0696,-29.70063,0.18520774,-5.627861,4.314003,-6.5651855,-10.060216,-1.1231618,-3.4009109,10.124664
Greater_Flamingo_17_segment.wav,flamingo,0.39072922,2563.4944855740864,2327.2383480933695,"[13.853381201692585, 8.545434834724729, 16.223165613182076, 14.662311050656077, 15.843558034987016, 23.43133097808796, 29.879558631274048]",0.00067151437,0.08194288355568445,0.016253766,-376.8551,156.08934,-83.70394,-9.161106,-10.95296,-21.733183,-18.586264,24.39119,-1.7816255,-4.1850996,-5.8049955,7.282173,5.7148046
Greater_Flamingo_18_segment.wav,flamingo,0.35971367,2234.437840152936,2510.479480017231,"[13.781247226805322, 8.241099120762607, 16.01960293313554, 17.7072708180953, 16.882932869468785, 24.93635140628649, 27.81404271917943]",0.0006845754,0.06174468064859927,0.012208824,-410.7362,171.79115,-56.83544,-15.132789,-14.908068,-11.929388,-32.357174,24.6893,0.15169905,8.944196,-1.349968,3.68454,-9.046644
Greater_Flamingo_19_segment.wav,flamingo,0.42647484,1345.3883284282094,1870.9187750944066,"[13.477823717825089, 9.62712854484679, 12.817988742789218, 18.746144498918156, 18.206882509577106, 22.59613729366087, 27.51520748076267]",7.843019e-05,0.03756027044663573,0.03153441,-380.24014,193.69049,-6.6973505,-14.144189,15.715761,10.398154,4.8108506,21.373537,18.613436,-0.04651573,-4.035157,-3.448696,-7.63599
Greater_Flamingo_1_segment.wav,flamingo,0.4327712,2984.2984033310204,2772.019138223886,"[11.0397894721796, 8.496401796403429, 11.404965753464792, 15.380231546405623, 15.634342442340925, 18.1147965650362, 32.38623539202714]",0.0017039366,0.09517519214037123,0.011893943,-369.06064,131.16641,-92.33706,-3.2693348,-24.025055,2.6084018,-22.108484,10.287037,-20.18306,0.196921,-18.936462,-6.0546885,-10.27932
Greater_Flamingo_20_segment.wav,flamingo,0.4929959,1745.2670439155713,2421.5708616967586,"[14.828540040429147, 8.725308235590292, 12.044035021526927, 14.394625360328865, 18.91549738979461, 18.727694580473287, 28.564732900749114]",0.0003030509,0.04257567679317549,0.019761145,-372.03757,189.70424,-16.538616,-19.429855,-5.8098974,12.089909,4.3034306,12.73891,-6.92719,6.012857,0.47757545,-3.8714066,-2.473719
Greater_Flamingo_3_segment.wav,flamingo,0.57409364,1978.1366848947553,2799.382329642487,"[15.369930484561989, 9.959575041639068, 13.290269966952698, 14.828437060924939, 15.416532963650553, 17.34241246983615, 30.877615716114512]",0.00030139892,0.03155645029727378,0.019731993,-397.08405,157.36118,-20.655529,27.517614,3.2296202,11.918449,-0.08290104,11.613418,0.54114395,4.7752733,-2.812272,1.4820123,5.1323752
Greater_Flamingo_4_segment.wav,flamingo,0.5602956,3703.8379725129394,3846.953098647396,"[10.089655701710788, 7.864818165720144, 11.887942090647268, 14.912491804190854, 14.332058074180557, 15.363319847547439, 35.01862674868844]",0.004660716,0.09674709523636892,0.012675028,-359.4552,118.368484,-26.850739,29.75969,-20.977875,12.881782,-9.012746,13.21033,-3.206834,9.397357,-7.1694646,7.4241495,-2.6653795
Greater_Flamingo_5_segment.wav,flamingo,0.5022342,1820.8453530788745,2236.4073359984163,"[12.359154288581456, 8.93536486062212, 13.063846418054755, 16.491753787008626, 17.08058536181378, 17.215994255816547, 30.198293217478284]",0.00020586123,0.043714766712587005,0.022881975,-404.90958,156.65544,-22.431644,13.208487,3.5615683,-10.6657,12.199575,12.552286,7.263784,4.060917,-9.94202,-11.275705,-3.4707425
Greater_Flamingo_6_segment.wav,flamingo,0.75853354,1852.0510723598331,2914.0116934392577,"[22.220444546331024, 9.487107569546966, 12.169225945664076, 13.819391796065405, 14.698534423523645, 15.21138580517981, 29.154949787614246]",0.0010043378,0.01465855731865285,0.025097135,-417.36423,87.22275,-16.551893,18.177654,-2.3393407,21.716543,6.4075594,11.728856,13.900282,8.678146,18.090044,13.175478,13.064257
Greater_Flamingo_7_segment.wav,flamingo,0.64255935,2241.367469732857,2821.0829173619722,"[22.786439543312717, 9.422932529980091, 12.055813876492628, 14.465168121676092, 16.189891119879928, 15.128418817765079, 30.851635445361165]",0.0013950899,0.02510826427715655,0.021227883,-390.3182,89.61902,-42.80197,27.307304,-8.397083,20.17865,-2.599577,12.460334,11.410941,3.4487758,8.700766,13.134047,13.992855
Greater_Flamingo_8_segment.wav,flamingo,0.6407619,1432.218168925379,2671.2979345409212,"[10.507320395803145, 9.272212303790802, 13.039250927857045, 13.311610774092035, 16.296724707656356, 15.244990807865138, 29.2010120104099]",0.00021971707,0.020942280851218097,0.018127924,-395.6057,172.69698,18.821798,7.9835835,3.4932618,10.992553,11.368666,10.484202,1.889592,1.4871951,-3.3752475,-2.0844178,1.1965314
Greater_Flamingo_9_segment.wav,flamingo,0.793824,1555.7018337166141,3258.803987998966,"[22.982246052864554, 10.687282218361265, 12.37141842740272, 15.039253060120169, 15.93164868050656, 14.240497842764464, 23.853540788331014]",0.00020875003,0.0006614416932907349,0.013120177,-530.66724,80.81237,9.420295,13.235113,6.6269236,24.500355,8.221746,25.318201,18.016174,19.789711,3.5413568,15.930572,11.43979
Magpie_Goose_10_segment.wav,Magpie Goose,0.35623586,2640.1900250425097,2080.232830132308,"[17.427018665753764, 12.149512840677412, 15.841062719246503, 17.128256727609564, 19.901642450496666, 25.854487918106482, 37.63858524596009]",0.000121289144,0.09508574593550106,0.023471896,-359.64273,146.56783,-72.57768,2.9029539,-8.770868,-38.02236,8.311584,0.023868797,-24.367592,-21.40053,-18.074286,-11.60357,-15.5090885
Magpie_Goose_11_segment.wav,Magpie Goose,0.28264368,2451.7261325826817,1993.656345598249,"[10.22730183754441, 16.402502474963896, 18.208803403922364, 20.65446602585729, 22.88930956608214, 30.84724266554408, 29.625872928012214]",0.00026671664,0.0875475787913113,0.021152738,-441.66092,133.92407,-38.26376,-12.3869295,3.654701,-17.43962,8.351008,23.543627,-2.744303,-16.475761,0.9579524,-10.142392,-26.33494
Magpie_Goose_12_segment.wav,Magpie Goose,0.44925985,2769.4726647100024,2715.9919320874797,"[11.69353289733173, 9.240244793613869, 12.544630881556996, 14.013066998199967, 15.636736556048174, 18.02834637719838, 32.00209494844998]",0.0016302741,0.08704717861803944,0.0064744507,-430.00467,143.07767,-61.09339,9.157906,-26.625435,-4.6835074,-10.740124,-4.9681473,-11.826811,-11.613599,-8.75501,-2.215111,-4.618625
Magpie_Goose_13_segment.wav,Magpie Goose,0.5153963,1937.5609249436682,2207.9008553503168,"[14.802993646935064, 9.677566475358114, 11.403647725412782, 13.320670087813252, 17.16165338194846, 18.18342542182967, 30.102399672358363]",0.00040778524,0.053471328487529,0.006518073,-459.88544,170.0695,-39.589535,2.1636102,-14.657648,-14.109048,-1.8335307,-17.153236,-10.795764,-7.9266214,-11.672026,-1.8407855,-6.703765
Magpie_Goose_14_segment.wav,Magpie Goose,0.38251746,4072.2735480837464,2971.05941981592,"[12.494985267158912, 9.848171924699932, 14.81627184647985, 16.923948091414143, 19.204309972350956, 23.81751926751504, 45.4721978317758]",0.00042736827,0.14772798257595948,0.02798353,-289.53592,127.12422,-100.964645,45.24166,-22.810116,1.9240096,-10.427817,6.032813,-28.262568,-1.5322992,-29.456522,20.763987,-6.397639
Magpie_Goose_15_segment.wav,Magpie Goose,0.40064892,3806.2766894692118,2985.156820357205,"[11.053199236646964, 9.882113172151566, 13.446552372089203, 15.70074917328283, 16.55016198296686, 17.500562508840886, 39.868965123436176]",0.0011321034,0.12755853128331557,0.013700707,-344.80493,123.26164,-101.877754,40.537254,-31.126696,0.6149379,-27.40268,2.1934454,-30.928226,3.1708562,-19.885145,-8.735614,-0.07503281
Magpie_Goose_16_segment.wav,Magpie Goose,0.70307225,2930.1829261656703,4162.399693230693,"[19.114475760260618, 12.018333762777456, 13.234766356757062, 13.739102673272171, 17.032122110767567, 15.037050715167608, 31.357462569621664]",0.001679043,0.04121849256805157,0.020309934,-488.7501,82.269966,37.143738,48.2124,28.453852,21.149065,23.526093,25.30532,9.298331,17.027287,3.4803677,4.791889,5.885973
Magpie_Goose_17_segment.wav,Magpie Goose,0.5643637,2693.9648302572623,3773.0557031151634,"[15.465577344450997, 10.003887831937227, 13.013179340149147, 15.129549047782481, 19.018859299805214, 16.98723355810171, 28.351497345802187]",0.0012251264,0.036783854166666664,0.008918706,-484.39847,115.14201,-6.1020784,-4.417679,3.1226273,18.623575,8.101751,9.954868,0.049253453,3.3235297,5.1143947,4.0148396,9.212546
Magpie_Goose_18_segment.wav,Magpie Goose,0.4202874,4052.767246836044,3455.550175988674,"[9.33641966035025, 7.968061038303525, 11.853653484988405, 14.192066048475695, 16.66593071090765, 18.712145754580344, 30.507393888340612]",0.007775192,0.1370348299738979,0.006925388,-467.36877,95.201195,-45.211918,34.617878,1.9430815,-2.0820007,-2.200108,8.077426,-9.794215,11.115761,-14.527827,-0.05754624,5.888469
Magpie_Goose_19_segment.wav,Magpie Goose,0.5087203,7883.354018428919,4553.1918949295805,"[10.188230517944252, 10.038534875191548, 11.309582068880825, 13.82547669170305, 13.382643619094866, 14.585646561382807, 45.66183928757713]",0.016539006,0.3158041119852088,0.018700268,-263.74496,36.586998,-37.741867,18.631443,-72.00095,18.922888,-52.041782,12.827262,-30.891287,6.7035017,-26.267084,9.647918,-23.136755
Magpie_Goose_1_segment.wav,Magpie Goose,0.4457601,3513.471131668508,3347.8843944248238,"[11.468046025584714, 8.768017123360083, 12.11082604518317, 16.930926493724403, 17.125410463967224, 18.727685791918205, 34.77630180973503]",0.002332133,0.1223608686895811,0.0035286269,-524.18536,131.27902,-38.493313,48.43658,-18.337809,-0.28108874,-15.915498,-14.054314,3.7495534,-9.871689,-4.3255224,-1.9284809,-3.6829822
Magpie_Goose_20_segment.wav,Magpie Goose,0.4679648,3304.3384866581946,3037.795881624296,"[19.939714043247868, 8.160238985869066, 11.73202455559248, 14.371945668138853, 18.559386805461244, 17.42578021825211, 40.256916984711275]",0.0006389548,0.10103882096215352,0.026567187,-279.5755,147.75302,-80.19161,50.224533,-1.5836378,16.15995,-10.160154,15.707323,-12.986731,18.823416,-14.179625,8.441661,6.2641134
Magpie_Goose_2_segment.wav,Magpie Goose,0.44525322,4979.519525817404,3228.054797161021,"[18.457248679086216, 10.114248752162611, 13.593647503156754, 16.530032903293332, 17.855709413608196, 18.81216781424607, 45.82692604131301]",0.0010343468,0.19480808152318763,0.02033311,-307.41885,105.53291,-69.58536,68.43893,-49.810593,9.276944,2.6661465,5.0358567,-12.9491415,13.305611,-22.143366,5.857501,13.017536
Magpie_Goose_3_segment.wav,Magpie Goose,0.5054625,5357.031559021601,5488.12950524287,"[18.980265571721482, 10.855022263229536, 16.408199426341813, 13.57325629632537, 17.131024456802418, 15.805641046491987, 36.080532036603365]",0.002587651,0.09674319529584222,0.0072758896,-438.82727,90.64713,0.56420404,72.87855,5.251674,40.9057,-21.69242,42.697567,-18.899832,14.4214525,-20.421408,-7.6054645,-10.396277
Magpie_Goose_4_segment.wav,Magpie Goose,0.45115563,4773.852098571752,4201.166231487038,"[13.594178290045287, 8.343072178763752, 11.478218406203515, 13.573353936519974, 15.2833543418955, 18.339860106345906, 36.0962069758288]",0.007910721,0.16012126169386942,0.009287267,-353.58615,97.136086,-46.550365,32.50706,-22.398653,22.892506,-21.952454,27.23587,-18.88523,9.920652,-10.49376,10.366364,-5.5168424
Magpie_Goose_5_segment.wav,Magpie Goose,0.43302664,3394.8828427137896,3390.1394757028625,"[17.60920153804617, 12.266596275888475, 14.249427925276413, 16.02262462895664, 18.518627169512566, 17.503801675071568, 36.42159930592175]",0.0013276173,0.09071359858075694,0.011887332,-369.81335,136.6927,-65.81468,34.97714,-21.048449,4.293624,-12.232315,16.674711,-21.434982,8.132579,-17.015142,4.704361,7.813548
Magpie_Goose_6_segment.wav,Magpie Goose,0.3014545,2909.171179780103,2024.541429564473,"[15.02172682285766, 10.534726980101292, 14.064631088980322, 15.875431969928304, 19.274565221327407, 26.86019637977278, 27.80642472604726]",0.00045272487,0.11101475046641791,0.013257249,-456.69025,121.645905,-71.7319,10.797822,36.74842,-14.0337715,-19.37239,17.266235,2.3773084,-21.23135,-9.754862,-3.9741094,-4.3017197
Magpie_Goose_7_segment.wav,Magpie Goose,0.6715799,1915.2135002726245,2662.9085618859995,"[14.2381277130741, 9.68412323173598, 11.69224453840953, 14.018930807682382, 16.29365097033366, 16.32664388650145, 36.09939057844742]",0.00018549574,0.025424150401439645,0.033077378,-331.044,136.1929,-8.063676,30.33904,16.405994,5.021029,14.39655,6.1551,9.7149515,6.079991,6.7212653,9.099195,5.8133154
Magpie_Goose_8_segment.wav,Magpie Goose,0.4065859,2293.6910016157017,2010.4575345406024,"[9.207175462235446, 10.144519006434308, 13.671806465592613, 15.092709570199293, 20.17438423783544, 20.305765486936586, 37.25799172088679]",8.875802e-05,0.0754540286847015,0.03679092,-282.37173,194.12373,-98.0811,6.8565693,-7.408681,1.1107125,7.9784975,2.7423942,-6.4525347,-3.9996433,-0.29761374,5.8574967,5.0622554
Magpie_Goose_9_segment.wav,Magpie Goose,0.37008634,3511.2219243671225,3295.6478638773237,"[9.45706507457441, 10.83720211166876, 15.08515928711619, 17.15842120328306, 20.907150432843196, 26.901655518520418, 36.648857992175344]",0.0005156343,0.1212728211620469,0.01491883,-374.44882,138.29315,-66.19672,20.525694,-4.5535507,6.3907533,13.228844,23.96642,-17.307968,3.6244783,3.7976756,15.449555,-10.395242
King_Penguin_10_segment.wav,penguin,0.5207595,2242.5813605808826,2516.7090695331144,"[8.309259199188094, 13.440559317297117, 15.145756650976946, 15.549300823032786, 16.880517901288577, 18.704536457971393, 27.68542151712307]",0.0013000973,0.053630251365938165,0.029780503,-444.59882,100.144844,-31.6049,-8.603376,4.9525356,1.5051893,-1.9598534,-0.48702568,-0.4877132,-5.894704,-7.8894176,-3.815486,-3.536671
King_Penguin_11_segment.wav,penguin,0.65141135,1129.3555702231888,1972.7206099403834,"[16.52282034074242, 9.734711161846864, 14.34699328248471, 17.576795620404315, 19.103346518501485, 17.961011832126346, 36.155932418166024]",1.34113e-05,0.013941234546703297,0.117208526,-327.62143,135.35023,-3.671914,18.265764,15.286933,11.569701,19.194874,12.658947,20.568295,19.057032,5.054171,4.671246,8.603221
King_Penguin_12_segment.wav,penguin,0.29633117,2140.626534445175,1859.009459056721,"[11.217793461208236, 9.30473054943903, 19.33408242012432, 19.210466822054958, 22.271572421354712, 21.36861686932194, 34.31965361962869]",7.663648e-05,0.07078152189675174,0.040657673,-346.68793,155.21112,-63.989323,29.618155,13.783217,1.3683951,4.7297416,-10.885657,-9.903309,-4.7279344,-5.7649736,-13.994942,-9.704945
King_Penguin_13_segment.wav,penguin,0.3278046,2143.692591936626,1991.1453459754011,"[16.963715417372445, 8.866664753711387, 17.42605204543532, 15.733683251640231, 18.63628110445565, 20.77462926457965, 32.34934706770365]",0.00019100761,0.06575369779582367,0.042249702,-345.62152,144.69817,-55.536762,0.28682828,26.107014,20.162699,0.29782036,-11.013989,-12.466084,-7.320487,-6.966874,-17.760168,-9.703747
King_Penguin_14_segment.wav,penguin,0.44151822,1978.5617080016884,2313.0803412156156,"[13.862969970059414, 8.651673808779607, 14.594131863210915, 17.331520803548283, 16.800144642784357, 18.52218684781503, 42.35658416769319]",7.336337e-05,0.053295162050464036,0.1445318,-150.10994,180.86081,-52.55882,43.962723,-2.9610667,22.899778,-10.594396,10.955196,11.618808,7.9985523,0.14355397,-2.908199,2.1514904
King_Penguin_15_segment.wav,penguin,0.5221732,1856.2873636305635,1429.238583651152,"[9.008590754597813, 7.897374224314357, 9.771498805108305, 13.552014258990797, 17.587859396397523, 21.17719018212922, 30.831868843700484]",0.00014619359,0.06599232630076142,0.025222188,-336.94067,216.38036,-82.31309,-13.442493,20.217749,-4.6092434,11.307769,10.042575,-2.5039375,-2.7397826,0.29422432,0.5056266,3.5874188
King_Penguin_16_segment.wav,penguin,0.6271309,1629.7726711195826,2464.995176212092,"[11.205683521940824, 11.686419712388368, 15.02383532206066, 17.402863349522363, 17.920494055378395, 18.790838772181175, 34.13053253496284]",4.5097022e-05,0.026530121435234543,0.05596715,-347.27682,135.12604,-29.718729,21.597683,26.908052,27.357044,23.128078,28.380297,15.480902,12.561592,11.963698,9.302393,7.084273
King_Penguin_17_segment.wav,penguin,0.5160402,2041.7400074617483,2430.326127412751,"[9.654743831644296, 9.02355530420248, 14.459931159979034, 16.356223072946307, 18.67400395407613, 17.484585439610825, 29.915776084469424]",0.00077661854,0.04589625767299107,0.010115675,-455.9917,162.60533,-44.916164,22.740591,5.3693843,13.452765,14.304362,8.680957,8.17315,-2.7700143,0.24573,-4.425034,-2.7608764
King_Penguin_18_segment.wav,penguin,0.4304478,2283.5081794533908,1869.1662426093935,"[12.244826399389186, 9.697725564090167, 11.74054097693373, 15.246377171285678, 17.996579008218955, 19.94167528999778, 30.085300401476136]",0.00040627093,0.08094366299303944,0.017274762,-408.26923,145.06699,-81.50276,-31.918789,-20.10566,-24.74187,-1.8443474,-11.340563,-20.796574,-16.717024,-7.822102,-3.481602,-3.3496225
King_Penguin_19_segment.wav,penguin,0.32631084,2134.3641251218296,2430.3896029853945,"[22.587908485176182, 10.856637908812544, 15.921958389187163, 17.405838680146353, 15.621167449424773, 16.147933139155505, 40.12595303409799]",0.00015840413,0.0403302186049884,0.117134236,-191.45265,150.89679,-75.11104,-7.776809,-47.891296,-20.92777,-35.96592,-17.988886,-32.67594,-18.050415,-31.207478,-22.896711,-25.904438
King_Penguin_1_segment.wav,penguin,0.3456496,2062.8461357653814,1563.586566652102,"[15.70350429251999, 9.512035511444623, 13.84215214286071, 17.626545223280903, 16.442051244960727, 20.416309396133897, 33.49407039722124]",9.5560215e-05,0.07442890353103249,0.0473017,-291.0031,170.77306,-103.30758,-26.189451,-8.879293,-25.202906,-17.085869,-16.767923,-7.3353653,-8.938233,-17.31145,-18.213099,-8.794237
King_Penguin_20_segment.wav,penguin,0.41297746,2223.0464944838777,2155.3561460796186,"[9.910188754105965, 8.234273784288172, 13.352112240594284, 15.705010450590898, 14.142247662540937, 18.920440453812706, 38.90967769584844]",0.00019935961,0.07124601218097448,0.07359028,-185.46399,180.9003,-82.64026,12.939425,-13.032692,1.1506146,-16.653288,13.2655115,0.28181243,5.7850084,-9.257789,-5.1207495,-4.525682
King_Penguin_2_segment.wav,penguin,0.33704057,2843.6588552907815,2302.517053319055,"[9.661943718421226, 8.013464492589897, 13.91553166656049, 17.6269970675089, 18.613030846664234, 19.15156843662455, 32.89619414588693]",0.00047458807,0.08698589918710022,0.010361618,-421.54694,134.83055,-102.937935,3.2101338,-9.788271,5.0449595,-5.0085483,-1.2715979,5.799049,-2.3924062,0.4241328,-10.668518,-1.8665552
King_Penguin_3_segment.wav,penguin,0.4949642,1714.864427516172,2218.842480305843,"[14.658564747721247, 9.776636398133403, 12.736680147612386, 12.660909626528271, 15.435074687025981, 18.99181882312939, 26.224157180740587]",0.00030188958,0.04300556935179815,0.009910986,-415.30695,199.85542,-54.52382,0.8518517,-10.0762205,1.359229,-23.441528,4.0107565,-35.266235,-11.641579,-23.923416,-8.24826,-10.857671
King_Penguin_4_segment.wav,penguin,0.46005443,1850.573246074811,1552.4945878565072,"[13.397610751976275, 11.651568362247819, 12.438056528144925, 15.84606969822968, 17.21478684643654, 21.733115174840034, 24.821344701838413]",0.00016832755,0.06383965795388631,0.01706623,-450.36578,134.3686,-64.38698,-44.854652,-1.6604311,-17.343452,-17.138416,-13.0258045,-21.587002,-22.284586,-16.446804,-11.150335,-7.5609083
King_Penguin_5_segment.wav,penguin,0.4869201,1951.498743985987,1461.5198549296888,"[12.399281842852066, 12.267007570013847, 10.805354578328366, 15.91218071320419, 18.002454688695323, 20.978568340152943, 26.581671478502344]",0.000119104814,0.0716249682787123,0.02077397,-408.66916,134.65405,-71.74943,-48.13911,0.34275886,-15.797026,-11.521913,-12.83446,-26.07566,-18.529917,-14.338781,-15.399511,-5.5908
King_Penguin_6_segment.wav,penguin,0.45167089,1288.8126101660766,1791.6210833858768,"[25.088621107598204, 9.72154325029315, 12.88847649603782, 15.553634912453283, 16.513182947939686, 17.126743615837025, 34.32168836604921]",5.2744777e-05,0.031129345816415313,0.09221401,-246.58675,202.74713,-42.532326,-7.2572904,-30.347643,-24.042221,-25.74284,-15.072035,-31.235785,-21.913277,-27.475838,-25.650515,-23.966301
King_Penguin_7_segment.wav,penguin,0.47893885,2448.6420108249554,2800.2534969822873,"[18.715277074666666, 9.2443218257554, 13.139150705112455, 14.454208171479006, 14.38885467538048, 16.942226082095452, 36.51052343867011]",0.00065248366,0.054336642862702365,0.12580459,-239.37749,138.47658,-51.90183,-7.6771383,-18.47331,-6.525236,-24.541388,-7.6952796,-21.295815,-14.09277,-19.81701,-12.543163,-13.604258
King_Penguin_8_segment.wav,penguin,0.4576595,2335.6843655896614,2520.6839591887133,"[9.918995131799061, 8.806051344483821, 17.070448834741242, 19.300245111104577, 19.030624633877554, 19.985885261978645, 35.22643858074403]",0.00041068575,0.0613625784900701,0.05022729,-321.34668,139.48141,-57.023945,9.019031,-4.7444673,11.249484,6.9333043,15.993403,-4.643866,-7.8395233,-4.2247334,-6.743066,-3.0759623
King_Penguin_9_segment.wav,penguin,0.34851635,2793.19344891814,2614.23752338212,"[9.092446854351737, 8.025556141617605, 14.16299267598379, 16.00502721805842, 20.594584007773626, 19.82644341647643, 38.29270426700702]",0.00025354978,0.07849303288246269,0.039532676,-301.01318,144.47748,-55.82057,46.523357,13.648902,9.881655,-12.992202,-6.17157,-2.9144201,5.206515,-5.9057827,-9.933613,-5.143893
Red-tailed_Hawk_10_segment.wav,Red-tailed Hawk,0.48272333,4485.606880961765,2883.025746700879,"[23.333069515063016, 7.641828839851062, 11.423878359598385, 27.735509201894956, 15.784567788683995, 17.410630858289757, 31.294526132299332]",0.00579953,0.16316750652552203,0.0049001114,-558.2779,-13.293431,-131.32579,-0.96748185,6.6350193,25.088545,21.007586,-2.51959,-5.6245055,-8.980356,0.51393867,-0.6883082,1.1991138
Red-tailed_Hawk_11_segment.wav,Red-tailed Hawk,0.57536477,6916.532371002361,4200.74186124919,"[17.137422343219743, 11.620776868498357, 10.416176252304517, 13.02407390061349, 15.402269169634453, 14.829696305757043, 32.87866263930443]",0.022124864,0.2970270022654584,0.0038191292,-540.30334,38.53803,-68.042854,13.128517,-48.216843,14.090635,-40.541145,1.3719592,-24.236769,-9.301384,-19.096037,-15.963947,-2.4210012
Red-tailed_Hawk_12_segment.wav,Red-tailed Hawk,0.44647738,4501.694094722553,3642.8286272894456,"[11.486590448009668, 8.45717466973628, 10.95579691869289, 16.413898492663506, 18.040027387969918, 17.66135333824393, 30.89355559497936]",0.008321336,0.13611074329096046,0.011517476,-498.22452,62.130844,-36.963306,-0.6471619,7.198539,-5.8838663,1.3969179,8.734387,11.825794,15.031838,3.810322,-5.740433,4.3589067
Red-tailed_Hawk_13_segment.wav,Red-tailed Hawk,0.4137164,6310.557355974987,4323.065329447841,"[22.821118803936603, 7.661322084687721, 21.39738516167502, 13.862210345592004, 20.131454564349628, 17.604999495181186, 29.187542351627783]",0.027920628,0.23378308614095053,0.012746926,-542.5577,16.01583,-35.634113,-24.425186,-0.062002342,4.6165786,-0.8583178,1.8548349,5.782379,7.345515,0.45500413,-5.0385585,-2.4577608
Red-tailed_Hawk_14_segment.wav,Red-tailed Hawk,0.5148043,3484.828993939296,2830.4136370634924,"[15.16663669879946, 11.31905079091278, 10.976221480264433, 12.902657507766593, 15.887021960981341, 15.7306550225208, 26.87821542567237]",0.0050721294,0.11387676572494669,0.0036271785,-547.8311,60.734,-51.6445,-12.589335,11.476779,-11.541658,-8.921445,-7.1333747,-9.607369,-5.749723,-9.665348,-9.339715,-6.14453
Red-tailed_Hawk_15_segment.wav,Red-tailed Hawk,0.5717966,3907.9595063988336,5218.573992662329,"[10.430269582365383, 8.943799979798907, 10.035810722703102, 12.712584259692095, 18.417809797395396, 17.54469561611119, 16.530656543018555]",0.010864599,0.059153367049748114,0.00022631996,-801.2946,121.87631,-13.72503,12.397041,21.438204,1.3323193,10.240868,9.815601,9.543631,13.650066,-0.6963976,-0.3714183,7.6352515
Red-tailed_Hawk_16_segment.wav,Red-tailed Hawk,0.50602025,5584.652597069529,4399.41560837132,"[14.435481759101032, 9.081485180137765, 12.606819898774027, 13.373104247575268, 15.437567727495308, 17.56057505227159, 30.109016541566856]",0.02712641,0.1693080555308949,0.0110146105,-530.82776,39.77759,-3.6131697,36.194935,11.390357,4.108573,-9.216712,4.3460927,-6.260629,-4.942133,-2.6004014,-2.6533227,2.9827604
Red-tailed_Hawk_17_segment.wav,Red-tailed Hawk,0.51647043,5935.810018626046,3899.164826758609,"[11.32999103340762, 8.516262485846402, 10.746212392528415, 14.579711619476424, 16.36705745656071, 18.0171700053553, 31.819020808214198]",0.030668313,0.25267308494054525,0.0086420635,-505.7078,40.552513,-36.507748,21.253807,-1.3795582,16.672132,-19.000425,8.134432,-2.8193173,-1.5101554,-7.249581,-3.848984,5.7588906
Red-tailed_Hawk_18_segment.wav,Red-tailed Hawk,0.34553692,3316.5291615971214,3257.4358796437286,"[9.20463209463493, 9.920807278832639, 11.136983556823738, 16.26599227733468, 18.996281498122986, 19.769111184879073, 26.363007267778517]",0.0031848599,0.09148714435634328,0.008006735,-520.3545,44.77329,-32.271076,-21.42164,-7.005072,-4.1837854,6.389768,11.102531,2.7789705,-12.663662,-15.829568,-5.579543,1.560484
Red-tailed_Hawk_19_segment.wav,Red-tailed Hawk,0.53416616,7044.809220284496,5323.661215574133,"[9.635489464628026, 9.358521633119697, 10.86339174007822, 13.240103501425807, 16.734614778219775, 16.879466769135032, 29.18939702165012]",0.056323774,0.2816652172673358,0.007280735,-543.8887,33.60231,-6.310784,-4.1684957,-2.7025988,-6.3238173,-3.8666887,0.53529525,-0.6179265,3.0800056,-3.3359506,0.40986443,0.3207667
Red-tailed_Hawk_1_segment.wav,Red-tailed Hawk,0.6083104,4489.978233477463,4623.124686780136,"[10.551276851688025, 9.118277815800123, 10.227899668660042, 12.286732809035376, 14.326417773363088, 15.455603892163861, 33.62412733889481]",0.006456436,0.11810118637616009,0.0065022465,-409.23077,116.137184,-34.80387,24.106539,-20.389006,44.019474,-29.890825,28.97964,-16.852789,24.122356,-11.596437,10.212237,-6.3607154
Red-tailed_Hawk_20_segment.wav,Red-tailed Hawk,0.38402092,6272.506824182243,4509.314077905159,"[8.538323202124605, 8.393247831048608, 10.669954809890774, 12.77441870223494, 17.290325100338574, 19.688929657759665, 31.43264292572058]",0.020003341,0.23694758628731344,0.008293937,-527.25214,32.719406,-21.96451,4.229998,5.4659452,-5.1561356,-14.378169,4.5764084,-2.541808,-1.3660915,-0.13125923,2.7435179,-5.6912885
Red-tailed_Hawk_2_segment.wav,Red-tailed Hawk,0.56183845,1734.7342560939487,3205.1506015133214,"[18.09079588956718, 8.130799840488589, 10.117239168655267, 17.087725089073306, 19.634207329963992, 14.896221746022471, 35.13220048261447]",4.3700293e-05,0.01544801106076759,0.06766619,-347.19162,119.47138,-1.5762383,6.129173,-8.766805,30.946495,22.37705,26.43688,5.285943,0.2917515,5.4857335,15.666436,19.504278
Red-tailed_Hawk_3_segment.wav,Red-tailed Hawk,0.319936,5284.843781588137,2886.319957255452,"[9.772175303282161, 7.898500824177743, 10.606952385432358, 16.190541663871553, 19.536906945713767, 22.771641966262976, 33.39942062386256]",0.022947704,0.20972019558439675,0.020228388,-546.28143,-24.004871,-103.107315,38.041878,22.251623,-3.1413052,4.240349,7.4005094,3.7621012,-9.085165,-4.680237,14.929979,4.634102
Red-tailed_Hawk_4_segment.wav,Red-tailed Hawk,0.6465239,9301.267382918693,3670.165805972238,"[21.65760453520458, 10.716923386423932, 12.425136335941835, 13.348149695821345, 14.972347909057135, 15.267687488386095, 38.18149935892608]",0.024072157,0.4269845904390421,0.0073189647,-528.9143,-100.51742,-58.478474,39.48451,-31.875515,25.258554,-20.207853,17.55165,-12.528481,14.647817,-10.857704,11.009326,-8.772148
Red-tailed_Hawk_5_segment.wav,Red-tailed Hawk,0.5517927,8413.874428897489,5052.238646380904,"[8.7569595806647, 8.335426054495173, 10.13262217534336, 13.994379821697091, 17.89459385452651, 16.199287051043257, 34.67925259519988]",0.029785538,0.39610645155916846,0.011420835,-507.2777,18.617752,-18.358238,1.3014398,-8.648956,6.359398,-14.121525,14.641489,-7.351523,7.9705863,-10.692239,2.168744,-1.6707933
Red-tailed_Hawk_6_segment.wav,Red-tailed Hawk,0.39564326,3617.790008536955,3280.7891306778765,"[17.077929499110617, 10.365320927788977, 12.418033254429881, 14.668788952343549, 17.2028133551649, 22.36947695815158, 30.19296088248866]",0.0042881113,0.11352257144919169,0.005704917,-475.7652,92.66064,-57.750435,9.811146,-9.112367,-17.24731,-29.496058,-9.648387,-27.867147,-15.911807,-17.907515,-14.1186695,-16.767155
Red-tailed_Hawk_7_segment.wav,Red-tailed Hawk,0.4881836,3779.9089291458267,3033.101024573807,"[12.385488971303507, 7.961869545509295, 11.036808763739337, 16.482367703905577, 16.038845748884444, 17.153252249967306, 29.973840959840896]",0.008914628,0.13432605858468677,0.012124248,-467.6759,57.46916,-52.82385,3.1673388,18.736687,2.0176058,6.9213433,5.9418383,-1.8583132,-8.625758,-12.424297,-6.345428,6.189953
Red-tailed_Hawk_8_segment.wav,Red-tailed Hawk,0.39648238,3606.4146963551316,2822.7450537104555,"[15.716334524836789, 7.927968058269977, 10.745919951682714, 13.022975595708479, 16.848220206337864, 23.03179771238727, 30.977593183851365]",0.001599778,0.13516072677905117,0.015799772,-415.02008,107.14182,-60.78092,3.1569877,17.704042,-19.429262,3.3007667,15.304313,-7.894394,3.3864303,4.1842875,-2.2452478,1.5898308
Red-tailed_Hawk_9_segment.wav,Red-tailed Hawk,0.58789295,5025.861354008465,3701.8711315794058,"[22.828681547322553, 13.316532926308405, 14.060860264560597, 13.232580922688681, 15.477289025797042, 15.165234174169825, 30.945074918848288]",0.010229229,0.16141339202425373,0.0044417414,-517.9016,16.253819,-103.04563,-24.55308,-19.392061,-1.1327868,-2.5477645,7.25176,1.6818007,6.6849065,3.2682903,1.2367474,3.7625132
